STATION_ID,STATION_NAME,STATION_X,STATION_Y,target,level,level-target
1,국제여객선터미널,126.54433,33.52438,0,1,1&0
2,오광로입구,126.45618,33.49527,1,1,1&1
3,오광로입구,126.45623,33.495459999999994,1,1,1&1
6,노형주공아파트,126.47393,33.4906,2,1,1&2
7,노형주공아파트,126.47418,33.49068,2,1,1&2
23,번대동,126.39157,33.47889,3,1,1&3
24,번대동,126.39264,33.478840000000005,3,1,1&3
38,하귀우체국,126.4045,33.48122,4,1,1&4
39,하귀우체국,126.40443,33.4813,4,1,1&4
44,하귀환승정류장(하귀하나로마트),126.4121,33.48567,5,1,1&5
45,하귀환승정류장(하귀하나로마트),126.41171,33.48578,5,1,1&5
49,외도부영2차아파트,126.43074,33.48488,6,1,1&6
50,외도부영2차아파트,126.43098,33.48483,6,1,1&6
63,외도부영1차아파트,126.43097,33.48635,6,1,1&6
85,수산리사무소,126.39457,33.46954,7,1,1&7
86,수산리,126.39454,33.46995,7,1,1&7
99,월랑로입구,126.47213,33.49368,8,1,1&8
100,월랑입구,126.47156,33.49395,8,1,1&8
116,남국사,126.54958,33.46215,9,1,1&9
118,웃인다마을,126.54925,33.464459999999995,9,1,1&9
119,죽성마을입구,126.5491,33.46313,9,1,1&9
131,아라동주민센터,126.5449,33.4759,10,1,1&10
132,아라초등학교,126.54428,33.47653,10,1,1&10
149,제주버스터미널,126.51486,33.49993,11,1,1&11
150,제주버스터미널,126.51471,33.5002,11,1,1&11
153,중앙마을,126.5197,33.50163,12,1,1&12
154,용천마을,126.51995,33.50155,12,1,1&12
155,삼도1동주민센터,126.51971,33.50318,12,1,1&12
195,함덕광명샤인빌앞,126.67461000000002,33.53823,85,1,1&85
196,신사동,126.67575,33.53483,13,1,1&13
197,신사동,126.6756,33.534659999999995,13,1,1&13
206,제주대학교입구,126.55175,33.45627,46,1,1&46
207,제주대학교입구,126.55076,33.456720000000004,46,1,1&46
210,인화동,126.53982,33.50888,14,1,1&14
211,인화동,126.5394,33.50923,14,1,1&14
212,일도2동주민센터,126.53906,33.51068,14,1,1&14
213,일도2동주민센터,126.53853,33.5113,14,1,1&14
214,인화동입구,126.53852,33.51272,14,1,1&14
215,인화동입구,126.53827,33.51362,14,1,1&14
225,조천리,126.6365,33.535779999999995,15,1,1&15
226,조천리,126.63625,33.535779999999995,15,1,1&15
234,신촌초등학교,126.61877,33.53275,16,1,1&16
235,신촌초등학교,126.61856,33.5323,16,1,1&16
242,화북주공아파트입구,126.57271,33.51882,17,1,1&17
243,화북주공아파트입구,126.57295,33.51899,17,1,1&17
250,조천리상동,126.6358,33.53522,15,1,1&15
260,동광초등학교,126.54475,33.5014,87,1,1&87
279,동문로터리(동문시장),126.52706,33.51315,18,1,1&18
280,동문로터리(동문시장),126.52795,33.512950000000004,18,1,1&18
281,중앙로(중앙성당),126.52447,33.512,19,1,1&19
282,중앙로(동문시장),126.52457,33.51168,19,1,1&19
283,중앙로(현대약국),126.52421,33.51089,19,1,1&19
284,중앙로(국민은행),126.5239,33.51073,19,1,1&19
295,거로남쪽입구,126.5613,33.50493,20,1,1&20
296,거로남쪽입구,126.56168999999998,33.50495,20,1,1&20
302,용문마을,126.50936000000002,33.507259999999995,21,1,1&21
303,용문마을,126.50941,33.50765,21,1,1&21
304,용문사거리,126.51023,33.50866,21,1,1&21
305,용문사거리,126.51005,33.50881,21,1,1&21
306,용담1동주민센터,126.51323,33.50973,22,1,1&22
307,용담1동주민센터,126.51333,33.50995,22,1,1&22
308,제주중학교/제주향교,126.5157,33.51078,28,1,1&28
312,제주동초등학교,126.5328,33.51328,23,1,1&23
313,제주동초등학교,126.53221,33.51332,23,1,1&23
322,서문시장,126.51767,33.511759999999995,24,1,1&24
323,서문시장,126.51845,33.51203,24,1,1&24
335,제주제일중학교,126.53937,33.49385,25,1,1&25
336,제주제일중학교,126.53968,33.4942,25,1,1&25
351,이호테우해수욕장,126.45546000000002,33.49623,1,1,1&1
352,이호테우해수욕장,126.45539,33.496320000000004,1,1,1&1
363,신안동,126.63523,33.51957,26,1,1&26
364,신안동,126.63493,33.51912,26,1,1&26
367,대기고등학교,126.59361,33.49168,27,1,1&27
368,대기고등학교,126.59353,33.49205,27,1,1&27
383,용담사거리,126.51372,33.51093,22,1,1&22
384,용담사거리,126.51387,33.51091,22,1,1&22
385,용담새마을금고,126.51488,33.5097,28,1,1&28
386,용담새마을금고,126.51526,33.50958,28,1,1&28
389,서문로터리,126.51932,33.51173,24,1,1&24
390,삼무공원사거리,126.48853,33.49001,29,1,1&29
391,삼무공원사거리,126.48892,33.4899,29,1,1&29
421,거로입구,126.55624,33.51464,30,1,1&30
422,거로입구,126.55653,33.51453,30,1,1&30
423,오현중고등학교,126.55707,33.51518,30,1,1&30
440,광령3리,126.42388,33.45893,31,1,1&31
441,광령3리,126.42445,33.45875,31,1,1&31
443,제주한라대학교,126.47512,33.47833,32,1,1&32
445,제주한라대학교,126.47516,33.47808,32,1,1&32
449,부영아파트,126.48313,33.4769,33,1,1&33
450,으뜸마을,126.48253,33.477990000000005,33,1,1&33
453,사대부고,126.50997,33.512570000000004,34,1,1&34
454,사대부고,126.50945,33.51279,34,1,1&34
467,제주동중학교,126.5723,33.52001,17,1,1&17
475,한화아파트,126.48308,33.47902,33,1,1&33
476,한라중학교/부영아파트,126.48383,33.47887,33,1,1&33
490,도두동,126.46656000000002,33.50258,35,1,1&35
491,도리초등학교,126.46618,33.50117,35,1,1&35
492,도리초등학교,126.46585,33.50141,35,1,1&35
504,광석동,126.40904,33.47464,36,1,1&36
505,광석동,126.40888,33.47445,36,1,1&36
540,온난화대응농업연구소,126.51863,33.46688,37,1,1&37
541,온난화대응농업연구소,126.51928999999998,33.46676,37,1,1&37
542,정실오거리,126.51448,33.46708,38,1,1&38
543,정실오거리,126.51363,33.46723,38,1,1&38
548,아라초등학교,126.5447,33.47748,10,1,1&10
549,영평상동마을회관,126.56822,33.476659999999995,39,1,1&39
550,영평상동마을회관,126.56824,33.47679,39,1,1&39
551,영평동,126.56325,33.47931,40,1,1&40
552,영평동,126.5635,33.47916,40,1,1&40
553,제주관광대학,126.4352,33.44742,92,1,1&92
554,제주관광대학,126.43653,33.447309999999995,92,1,1&92
562,용강동,126.58614,33.47916,41,1,1&41
563,용강동,126.58611,33.47929,41,1,1&41
572,월광로,126.47425,33.49221,2,1,1&2
588,우당도서관,126.54815,33.51231,45,1,1&45
610,함덕5구,126.67596,33.53426,13,1,1&13
617,함덕5구,126.67593,33.533640000000005,13,1,1&13
624,큰구릉내,126.41543,33.48707,42,1,1&42
638,제주국제공항(구제주방면),126.49345,33.506609999999995,43,1,1&43
641,외도부영1차아파트,126.43083,33.48675,6,1,1&6
643,거로복지회관,126.56113,33.508340000000004,44,1,1&44
644,거로입구,126.56238,33.50496,20,1,1&20
647,용강동대합실,126.58617,33.47842,41,1,1&41
648,용강동대합실,126.58602,33.478359999999995,41,1,1&41
651,봉개동,126.59245,33.49151,27,1,1&27
652,봉개동,126.59275,33.49154,27,1,1&27
656,거로입구,126.56226,33.50493,20,1,1&20
657,거로복지회관,126.5608,33.508590000000005,44,1,1&44
658,거로마을,126.56116000000002,33.50953,44,1,1&44
684,귀일중학교,126.40512,33.48121,4,1,1&4
685,귀일중학교,126.40545,33.480979999999995,4,1,1&4
694,6호광장,126.5486,33.511070000000004,45,1,1&45
695,6호광장,126.54923,33.51099,45,1,1&45
696,제주대학교입구,126.55105,33.45673,46,1,1&46
700,하귀하나로마트,126.41106,33.4848,5,1,1&5
702,금악리,126.29466,33.35743,64,1,1&64
703,평대,126.83915,33.528690000000005,47,1,1&47
707,만장굴입구,126.77827,33.54918,48,1,1&48
708,선인동,126.69963,33.48527,49,1,1&49
719,유수암리사무소,126.40328999999998,33.44143,50,1,1&50
751,제주서부신협,126.25302,33.32703,51,1,1&51
755,한경면사무소,126.18388,33.34993,52,1,1&52
759,복호동,126.19657,33.33743,53,1,1&53
760,한원리,126.19715,33.33553,53,1,1&53
786,고산환승정류장(고산1리),126.18044,33.30073,54,1,1&54
799,한원리,126.1973,33.33533,53,1,1&53
800,복호동입구,126.19668,33.3365,53,1,1&53
802,한경면사무소,126.18373,33.34985,52,1,1&52
803,목선동,126.71828,33.48999,55,1,1&55
804,산남내,126.77588,33.471059999999994,56,1,1&56
839,선인동,126.69973,33.48583,49,1,1&49
840,선인동,126.69963,33.4859,49,1,1&49
851,와흘리,126.63582,33.50445,57,1,1&57
852,와흘리,126.63608,33.50455,57,1,1&57
860,구좌보건소,126.85982,33.51992,58,1,1&58
872,자운당,126.3568,33.4676,59,1,1&59
874,제일교동문시장입구,126.53175,33.51235,23,1,1&23
878,신창환승정류장(한경면사무소),126.18334,33.35053,52,1,1&52
882,대흘리,126.65906,33.49822,60,1,1&60
883,대흘리,126.65895,33.49827,60,1,1&60
890,목선동,126.71815,33.4897,55,1,1&55
891,선흘목선동,126.71839,33.48944,55,1,1&55
898,산남내,126.77589,33.47094,56,1,1&56
902,산양리,126.23326000000002,33.29368,61,1,1&61
903,산양리,126.23347,33.293820000000004,61,1,1&61
906,청수리,126.24456,33.32114,62,1,1&62
907,청수리,126.24446,33.32121,62,1,1&62
926,저지리,126.25655,33.33497,63,1,1&63
927,저지오름,126.25638,33.3335,63,1,1&63
928,저지오름,126.25648,33.33341,63,1,1&63
931,제주서부신협,126.25352,33.327420000000004,51,1,1&51
937,금악리,126.29492,33.35763,64,1,1&64
938,금악초등학교,126.29571,33.35719,64,1,1&64
982,봉성하나로마트,126.31245,33.4189,65,1,1&65
983,봉성하나로마트,126.31257,33.41922,65,1,1&65
987,납읍리,126.32895,33.43891,66,1,1&66
988,납읍리사무소,126.32944,33.439440000000005,66,1,1&66
1003,장전알동네,126.38545,33.4523,67,1,1&67
1004,장전알동네,126.38562,33.45175,67,1,1&67
1006,알뱅듸왓,126.39052,33.450540000000004,68,1,1&68
1007,알뱅듸왓,126.39065,33.45035,68,1,1&68
1016,하덕천,126.77111,33.50263,69,1,1&69
1017,덕천리,126.77078,33.50244,69,1,1&69
1026,교래사거리,126.67172,33.43335,70,1,1&70
1027,교래사거리,126.67178,33.43325,70,1,1&70
1037,와흘리,126.63628,33.503029999999995,57,1,1&57
1038,와흘,126.63506,33.50308,57,1,1&57
1058,대천환승정류장(표선방향),126.73714,33.43537,71,1,1&71
1060,대천환승정류장(세화방향),126.73704,33.43615,71,1,1&71
1075,자운당,126.35694,33.467420000000004,59,1,1&59
1086,애월리,126.32068999999998,33.46439,72,1,1&72
1087,애월환승정류장(애월리),126.31983,33.46444,72,1,1&72
1133,한림천주교회,126.26491,33.41711,73,1,1&73
1134,한림주유소,126.26483,33.416709999999995,73,1,1&73
1153,신창환승정류장(한경면사무소),126.18308,33.34993,52,1,1&52
1162,고산환승정류장(고산1리고산성당앞),126.18043,33.3009,54,1,1&54
1163,고산1리육거리,126.17972,33.30087,54,1,1&54
1186,해녀박물관입구,126.86385,33.52114,74,1,1&74
1187,해녀박물관입구,126.86376,33.52103,74,1,1&74
1188,세화리구좌농협,126.85986,33.52095,58,1,1&58
1189,세화리구좌농협,126.85958,33.52107,58,1,1&58
1190,구좌보건소,126.85969,33.519859999999994,58,1,1&58
1202,평대초등학교,126.83879,33.52884,47,1,1&47
1203,평대초등학교,126.83922,33.52957,47,1,1&47
1204,평대초등학교,126.83878,33.52976,47,1,1&47
1221,만장굴입구,126.7789,33.54965,48,1,1&48
1222,만장굴입구,126.7773,33.54925,48,1,1&48
1239,북촌리,126.69503,33.548120000000004,75,1,1&75
1240,북촌리,126.69523,33.54797,75,1,1&75
1260,교래사거리,126.67206000000002,33.43408,70,1,1&70
1265,교래사거리,126.67161000000002,33.4344,70,1,1&70
1274,교래입구,126.61678,33.41938,76,1,1&76
1275,교래입구,126.61662,33.41923,76,1,1&76
1288,대흘초등학교,126.6585,33.49897,60,1,1&60
1293,봉성하나로마트,126.31265,33.41888,65,1,1&65
1299,와흘리,126.63561,33.503409999999995,57,1,1&57
1301,이시돌하단지,126.32243,33.34496,77,1,1&77
1311,이시돌하단지,126.32256,33.34499,77,1,1&77
1317,고산1리육거리,126.17948,33.30096,54,1,1&54
1318,산양리,126.23348,33.29351,61,1,1&61
1334,유수암리,126.40201,33.44128,78,1,1&78
1348,광령2리사무소,126.42912,33.44932,79,1,1&79
1349,애월신협,126.321,33.46416,72,1,1&72
1355,제주국제공항(신제주방면),126.49275,33.5061,43,1,1&43
1370,방림원,126.26734,33.336890000000004,80,1,1&80
1371,방림원,126.26732,33.33703,80,1,1&80
1421,삼남내,126.77633,33.47071,56,1,1&56
1422,삼남내,126.77611,33.470620000000004,56,1,1&56
1423,송당물혹,126.78652,33.47088,81,1,1&81
1424,송당물혹,126.78593,33.47098,81,1,1&81
1432,제주국제자유도시개발센터,126.57125,33.45283,82,1,1&82
1433,제주국제자유도시개발센터,126.57146000000002,33.452729999999995,82,1,1&82
1440,하귀휴먼시아입구,126.41545,33.48572,42,1,1&42
1442,하귀휴먼시아2단지앞,126.41485,33.4813,83,1,1&83
1443,하귀휴먼시아입구,126.41515,33.48573,42,1,1&42
1445,하귀휴먼시아2단지앞,126.41468,33.481359999999995,83,1,1&83
1446,서문사거리,126.5198,33.51079,24,1,1&24
1449,카카오,126.57122,33.45126,82,1,1&82
1450,디지털융합센터,126.57146000000002,33.4513,82,1,1&82
1467,첨단꿈에그린3단지아파트,126.57721,33.4505,84,1,1&84
1468,첨단꿈에그린3단지아파트,126.57771,33.44954,84,1,1&84
1495,한라도서관입구,126.51636,33.480979999999995,93,1,1&93
1496,한라도서관입구,126.51493,33.481190000000005,93,1,1&93
1497,오등동입구,126.52934,33.48123,94,1,1&94
1498,오등동입구,126.53056,33.48141,94,1,1&94
1512,도두동,126.4662,33.50287,35,1,1&35
1515,함덕리(4구),126.67422,33.53929,85,1,1&85
1532,S중앙병원,126.47167,33.49285,8,1,1&8
1533,S중앙병원,126.47182,33.49293,8,1,1&8
1541,메이즈랜드,126.79907,33.49087,86,1,1&86
1542,근로복지공단,126.54453999999998,33.49986,87,1,1&87
1543,근로복지공단,126.54436,33.49983,87,1,1&87
1544,화북휴먼시아정문,126.57632,33.51597,88,1,1&88
1560,웃거리,126.40256,33.43942,50,1,1&50
1561,웃거리,126.40307,33.439840000000004,50,1,1&50
1564,제주시외버스터미널,126.51479,33.49946,11,1,1&11
1565,시외버스출발지(가상정류소),126.51478,33.49946,11,1,1&11
1569,제주자동차검사정비사업조합,126.56191,33.510290000000005,44,1,1&44
1570,거로마을,126.56043,33.50983,44,1,1&44
1579,제주국제공항(600번),126.49252,33.50577,43,1,1&43
1589,번대동,126.39225,33.477740000000004,3,1,1&3
1595,비자림로교래입구,126.61716,33.41913,76,1,1&76
1601,저지리,126.25343,33.3267,51,1,1&51
1630,메이즈랜드,126.79833,33.49068,86,1,1&86
1632,한림천주교회,126.26528,33.417790000000004,73,1,1&73
2892,함덕리(4구),126.67474,33.54011,85,1,1&85
2899,삼화초등학교,126.57673,33.51419,88,1,1&88
2903,수산교차로,126.39443,33.4714,7,1,1&7
2908,자운당사거리,126.35762,33.46667,59,1,1&59
2909,자운당사거리,126.35776,33.466640000000005,59,1,1&59
2936,앞밭가름,126.40166,33.44273,78,1,1&78
2937,앞밭가름,126.40166,33.44283,78,1,1&78
2964,롯데시티호텔(600번),126.48894,33.4899,29,1,1&29
2966,롯데시티호텔(600번),126.48856,33.49002,29,1,1&29
2970,제주시외버스터미널(종점),126.51414,33.49993,11,1,1&11
2971,제주한라대학교(종점),126.47574,33.47779,32,1,1&32
2972,제주국제공항(종점),126.49318999999998,33.50571,43,1,1&43
2972,제주국제공항(종점),126.49356,33.505720000000004,43,1,1&43
2972,제주국제공항(종점),126.49329,33.505720000000004,43,1,1&43
2974,신안동교차로,126.6341,33.51895,26,1,1&26
2975,신안동교차로,126.63399,33.51912,26,1,1&26
2977,하귀하나로마트,126.41138,33.48464,5,1,1&5
2982,화북휴먼시아정문,126.57657,33.51589,88,1,1&88
2983,삼화초등학교,126.57696,33.51439,88,1,1&88
3055,하귀농협경제사업장,126.42355,33.45816,31,1,1&31
3101,하귀농협경제사업장,126.42377,33.45815,31,1,1&31
3111,저지리중동,126.25704,33.3353,63,1,1&63
3112,제6부두,126.54445,33.5224,0,1,1&0
3115,국제여객선터미널,126.54453,33.52427,0,1,1&0
3116,제6부두,126.54463,33.52312,0,1,1&0
3127,해녀박물관,126.86305,33.521809999999995,74,1,1&74
3128,해녀박물관,126.86291,33.52172,74,1,1&74
3134,영평상동,126.56891,33.47726,39,1,1&39
3135,영평상동,126.56897,33.47668,39,1,1&39
3238,"제주현대미술관,김창열미술관",126.26653,33.33764,80,1,1&80
3239,"제주현대미술관,김창열미술관",126.26647,33.33786,80,1,1&80
3242,덕천리,126.77083,33.50255,69,1,1&69
3246,대천환승정류장,126.73682,33.43628,71,1,1&71
3252,메이즈랜드,126.79953,33.49008,86,1,1&86
3259,송당리마을,126.78591000000002,33.469840000000005,81,1,1&81
3260,송당리마을,126.78597,33.46965,81,1,1&81
3267,도리초등학교(종점),126.46562,33.5002,35,1,1&35
3272,고산동산(아라방면),126.53228,33.496,89,1,1&89
3273,고산동산(광양방면),126.53291000000002,33.495540000000005,89,1,1&89
3274,제주지방법원(아라방면),126.53509,33.493109999999994,90,1,1&90
3275,제주지방법원(광양방면),126.53476,33.49363,90,1,1&90
3290,"제주국제공항(대정,화순,일주서로)",126.49298,33.506440000000005,43,1,1&43
3321,신성여자중고등학교,126.56303,33.47981,40,1,1&40
3322,신성여자중고등학교,126.56331000000002,33.479859999999995,40,1,1&40
3323,영산홍아파트,126.53993,33.4952,25,1,1&25
3324,영산홍아파트,126.53995,33.495540000000005,25,1,1&25
3329,광령2리,126.42888,33.45033,79,1,1&79
3330,광령2리,126.42903,33.45041,79,1,1&79
3347,탐라광장,126.52815,33.51384,18,1,1&18
3348,탐라광장,126.52839,33.51382,18,1,1&18
3349,고산1리,126.18026,33.300940000000004,54,1,1&54
3350,"제주국제공항(평화로,800번)",126.49272,33.50636,43,1,1&43
3350,"제주국제공항(평화로, 800번)",126.49288,33.50659,43,1,1&43
3351,"제주국제공항(일주동로,516도로)",126.49335,33.50669,43,1,1&43
3362,사대부고,126.51038,33.51338,34,1,1&34
3363,사대부고,126.51058,33.51339,34,1,1&34
3417,하귀휴먼시아2단지입구,126.41408,33.48188,83,1,1&83
3418,하귀휴먼시아2단지입구,126.41419,33.48203,83,1,1&83
3424,신촌초등학교(종점),126.61858,33.532309999999995,16,1,1&16
3425,신촌초등학교(종점),126.61876,33.53273,16,1,1&16
3426,고산환승정류장(종점),126.18023,33.30077,54,1,1&54
3427,고산환승정류장(종점),126.17975,33.30109,54,1,1&54
3428,대천환승정류장(종점),126.73706,33.43616,71,1,1&71
3429,대천환승정류장(종점),126.73677,33.43627,71,1,1&71
3439,제주연구원,126.51417,33.46765,38,1,1&38
3447,고산동산,126.53437,33.49511,90,1,1&90
3448,고산동산,126.53302,33.49463,89,1,1&89
3449,고산동산,126.534,33.495290000000004,90,1,1&90
3457,납읍리,126.32871000000002,33.43965,66,1,1&66
3458,납읍리,126.32869,33.43951,66,1,1&66
3487,첨단꿈에그린2단지아파트,126.5764,33.45301,84,1,1&84
3493,구좌정수장,126.77245,33.50508,91,1,1&91
3498,온난화대응농업연구소,126.51817,33.46625,37,1,1&37
3499,온난화대응농업연구소,126.51842,33.46627,37,1,1&37
3511,첨단꿈에그린2단지아파트,126.57691,33.45189,84,1,1&84
3514,제주관광대학(가상),126.43583,33.4482,92,1,1&92
3515,제주사대부설중학교,126.51044,33.51497,34,1,1&34
3516,제주사대부설중학교,126.51055,33.51497,34,1,1&34
3527,아라초등학교,126.54452,33.4777,10,1,1&10
3541,상귀리,126.40983,33.4737,36,1,1&36
3542,상귀리,126.40984,33.4735,36,1,1&36
3543,제일교,126.53191,33.51234,23,1,1&23
3550,구좌정수장,126.77187,33.5048,91,1,1&91
3551,구좌정수장,126.7722,33.50529,91,1,1&91
3572,장전초등학교,126.39091,33.44991,68,1,1&68
3573,장전초등학교,126.39098,33.44963,68,1,1&68
3574,번대동,126.39207,33.4777,3,1,1&3
3624,삼무공원,126.49004,33.49116,29,1,1&29
3625,삼무공원,126.49023,33.490790000000004,29,1,1&29
4027,한라도서관입구,126.51572,33.48151,93,1,1&93
4030,오등동입구,126.53007,33.48097,94,1,1&94
4033,연동한일시티파크,126.48878,33.49152,29,1,1&29
4034,연동한일시티파크,126.48935,33.49158,29,1,1&29
4098,사장교차로,126.65878,33.53643,95,1,1&95
4101,사장교차로,126.65957,33.53675,95,1,1&95
4106,사장교차로,126.65824,33.53686,95,1,1&95
4112,선인동사거리,126.69993,33.48513,49,1,1&49
4116,북촌리,126.6947,33.54743,75,1,1&75
4117,북촌리,126.69479,33.54745,75,1,1&75
4124,청수리사거리,126.24507,33.321740000000005,62,1,1&62
4125,청수리사거리,126.24512,33.32164,62,1,1&62
4137,이시돌하단지,126.32226,33.34472,77,1,1&77
4143,유수암리사무소,126.40315,33.4414,50,1,1&50
4144,웃거리,126.40268,33.43935,50,1,1&50
4149,장전알동네,126.38508,33.45141,67,1,1&67
4150,장전알동네,126.38523,33.45134,67,1,1&67
6100848,제주시외버스터미널,126.5148,33.49955,11,1,1&11
6115000,여객선대합실,126.29761,33.96269,96,1,1&96
6115001,추자면자치센터,126.29681,33.963640000000005,96,1,1&96
6115003,한의원,126.29416,33.96232,97,1,1&97
6115004,엘지마트,126.29452,33.96141,97,1,1&97
6115005,추자보건지소,126.29554,33.96092,97,1,1&97
6115006,영흥리,126.29642,33.959990000000005,97,1,1&97
6115007,영흥리부녀회사무실,126.29719,33.959579999999995,97,1,1&97
6115019,신양1리,126.32767,33.945609999999995,98,1,1&98
6115020,하추자보건소,126.32886,33.94603,98,1,1&98
6115027,신양1리,126.32849,33.94586,98,1,1&98
6115028,추자중학교,126.32692,33.945190000000004,98,1,1&98
6115040,영흥리,126.29698,33.959579999999995,97,1,1&97
6115041,추자보건지소,126.29631,33.96046,97,1,1&97
6115042,엘지마트,126.29527,33.96109000000001,97,1,1&97
6115043,한의원,126.29411,33.96168,97,1,1&97
6115044,대서리,126.29429,33.96252,97,1,1&97
6115046,여객선대합실,126.29717,33.96351,96,1,1&96
4,이호2동,126.46137,33.49488,0,2,2&0
5,이호2동,126.46122,33.49508,0,2,2&0
8,못가름,126.47678,33.48843,1,2,2&1
9,노형우체국,126.47726000000002,33.48765,1,2,2&1
11,노형오거리,126.48013,33.48503,2,2,2&2
12,롯데마트,126.48218,33.4819,3,2,2&3
13,롯데마트,126.4824,33.48215,3,2,2&3
17,연대마을,126.4228,33.49129,4,2,2&4
18,연대마을,126.42325,33.49174,4,2,2&4
19,수정동,126.42859,33.49264,5,2,2&5
20,연대마을,126.42858,33.49282,5,2,2&5
21,모감동,126.38115,33.47573,6,2,2&6
22,모감동,126.38108,33.47591,6,2,2&6
25,하귀리,126.39517,33.47955,7,2,2&7
29,내도동서마을,126.43848,33.49393,8,2,2&8
30,내도동서마을,126.43845,33.49415,8,2,2&8
31,내도동동마을,126.44243,33.49309,9,2,2&9
32,내도동동마을,126.44242,33.49324,9,2,2&9
33,신산마을,126.44445,33.493520000000004,10,2,2&10
34,신산마을,126.44539,33.493520000000004,10,2,2&10
35,현사마을,126.45023,33.4947,11,2,2&11
36,현사마을,126.44961,33.49473,11,2,2&11
40,안남동,126.40616,33.48238,12,2,2&12
41,안남동,126.40662,33.48251,12,2,2&12
42,남주동,126.40847,33.48368,13,2,2&13
43,남주동,126.40876000000002,33.48405,13,2,2&13
47,학원동,126.39766000000002,33.47493,14,2,2&14
48,학원동,126.39706,33.47476,14,2,2&14
51,도평초등학교,126.44562,33.48185,15,2,2&15
52,도평초등학교,126.44555,33.48168,15,2,2&15
53,아름마을아파트,126.42908,33.483979999999995,16,2,2&16
54,아름마을아파트,126.42834,33.48413,16,2,2&16
55,계명동,126.4268,33.4855,17,2,2&17
56,계명동,126.42662,33.48593,17,2,2&17
57,한라주택,126.4268,33.48807,18,2,2&18
58,계명동입구,126.42665,33.48803,18,2,2&18
59,일우한란아파트,126.43087,33.49251,19,2,2&19
60,일우한란아파트,126.43102,33.4926,19,2,2&19
61,우령이마을,126.4308,33.4885,20,2,2&20
62,우령마을입구,126.43099,33.48846,20,2,2&20
64,하귀리,126.39564,33.47931,7,2,2&7
65,연미마을회관,126.50489,33.486540000000005,21,2,2&21
66,연미마을회관,126.5048,33.48665,21,2,2&21
67,연미마을,126.50738,33.486999999999995,22,2,2&22
68,연미마을,126.50709,33.48686,22,2,2&22
69,연미입구,126.50838,33.48762,23,2,2&23
70,연미입구,126.50846,33.48772,23,2,2&23
71,오라초등학교,126.51238,33.48908,24,2,2&24
72,오라초등학교,126.5125,33.48916,24,2,2&24
73,제주시보건소,126.51937,33.49129,25,2,2&25
74,보건소,126.51957,33.49108,25,2,2&25
76,오라1동,126.51622,33.49263,26,2,2&26
77,사평마을,126.51245,33.49287,27,2,2&27
78,사평마을,126.51322,33.49257,27,2,2&27
79,동성마을입구,126.50753,33.4932,28,2,2&28
80,연미마을입구,126.5075,33.49298,28,2,2&28
83,수산리사무소앞,126.39339,33.46794000000001,29,2,2&29
84,수산리사무소앞,126.39337,33.46765,29,2,2&29
87,세기아파트,126.5015,33.49335,30,2,2&30
88,세기아파트,126.50055,33.493559999999995,30,2,2&30
89,신광사거리,126.49318,33.49365,31,2,2&31
90,신성마을,126.48916,33.49367,32,2,2&32
91,신성마을,126.48852,33.49383,32,2,2&32
94,제주서중학교,126.48168,33.49351,33,2,2&33
95,제주서중학교,126.48135,33.49367,33,2,2&33
96,제주민속오일장,126.4767,33.493759999999995,34,2,2&34
97,제주민속오일장,126.47763,33.493520000000004,34,2,2&34
98,제주민속오일장입구,126.47495,33.493759999999995,35,2,2&35
107,수선화아파트,126.52984,33.48923,36,2,2&36
108,제주연안여객터미널,126.53552,33.51898,37,2,2&37
109,제주연안여객터미널,126.53535,33.51915,37,2,2&37
110,산지변전소,126.53268,33.51713,38,2,2&38
111,산지변전소,126.53261,33.51692,38,2,2&38
112,종합어시장,126.52793,33.5164,39,2,2&39
113,탑동푸른쉼터,126.52711,33.51656,39,2,2&39
114,탑동입구,126.52467,33.51531,40,2,2&40
115,탑동입구,126.52483,33.51585,40,2,2&40
120,제주대학교병원,126.54777,33.469159999999995,41,2,2&41
121,제주대학교병원,126.54739,33.46909,41,2,2&41
122,인다마을,126.54582,33.47064,42,2,2&42
123,인다마을,126.5454,33.47145,42,2,2&42
124,아라주공아파트,126.54569,33.47308,43,2,2&43
125,아라주공아파트,126.54542,33.473659999999995,43,2,2&43
129,제주의료원,126.55843,33.44571,44,2,2&44
130,제주의료원,126.55816000000002,33.44567,44,2,2&44
135,산천단,126.55539,33.44786,45,2,2&45
136,산천단한국폴리텍대학,126.55558,33.447990000000004,45,2,2&45
137,사회복지법인춘강,126.55125,33.45265,46,2,2&46
138,사회복지법인춘강,126.55164,33.45264,46,2,2&46
139,영주고등학교,126.57786000000002,33.457190000000004,47,2,2&47
140,영주고등학교,126.57775,33.45712,47,2,2&47
141,정부제주지방합동청사,126.52738,33.49205,48,2,2&48
142,정부제주지방합동청사,126.5266,33.4923,48,2,2&48
143,양지(추모)공원,126.57652,33.43865,49,2,2&49
144,양지(추모)공원,126.5764,33.43848,49,2,2&49
145,제주국제대학교,126.56944,33.43863,50,2,2&50
146,제주국제대학교,126.56936,33.43842,50,2,2&50
147,용천마을,126.52135,33.49991,51,2,2&51
148,남서광마을입구,126.52126,33.49968,51,2,2&51
151,한국병원,126.51769,33.499790000000004,52,2,2&52
152,한국병원,126.51807,33.50005,52,2,2&52
165,탐라장애인종합복지관,126.52563,33.50023,53,2,2&53
166,탐라장애인종합복지관,126.52583,33.50002,53,2,2&53
167,홍랑로입구,126.52387,33.499970000000005,54,2,2&54
168,남서광마을,126.52376,33.499790000000004,54,2,2&54
169,동성마을,126.51103,33.50005,55,2,2&55
170,동산교,126.51027,33.50028,55,2,2&55
172,오라3동,126.50318,33.49925,56,2,2&56
173,명신마을,126.50303,33.49962,56,2,2&56
174,명주주택,126.49349,33.49579,57,2,2&57
175,명주주택,126.49376,33.495670000000004,57,2,2&57
176,문서교,126.61419,33.52815,58,2,2&58
177,문서교,126.61328,33.527770000000004,58,2,2&58
180,삼양검문소,126.60085,33.52095,59,2,2&59
181,삼양검문소,126.60003,33.52102,59,2,2&59
184,제원아파트,126.49013,33.48845,60,2,2&60
185,제원아파트,126.48989,33.48753,60,2,2&60
188,도호동,126.49492,33.48566,61,2,2&61
189,도호동,126.49501,33.48581,61,2,2&61
190,제주중앙중학교,126.49938,33.48553,62,2,2&62
191,제주중앙중학교,126.5001,33.485690000000005,62,2,2&62
192,함덕환승정류장(함덕해수욕장),126.66913999999998,33.54101,63,2,2&63
198,함덕환승정류장(함덕해수욕장),126.66877,33.54101,63,2,2&63
200,제주대학교,126.56162,33.45989,64,2,2&64
201,제주대학교,126.56166,33.46011,64,2,2&64
202,제대아파트,126.55735,33.45878,65,2,2&65
203,제대아파트,126.5573,33.4589,65,2,2&65
204,제대마을,126.55401,33.45772,66,2,2&66
205,제대마을,126.55394,33.45785,66,2,2&66
208,서해아파트,126.54152,33.504259999999995,67,2,2&67
209,서해아파트,126.54153,33.50488,67,2,2&67
216,제주해양경찰서,126.5397,33.52042,68,2,2&68
221,삼양초등학교,126.58611,33.52112,69,2,2&69
222,삼양동주민센터,126.58567,33.52128,69,2,2&69
228,조천리새마을공장,126.63271,33.53497,70,2,2&70
229,조천읍사무소,126.63217,33.534859999999995,70,2,2&70
230,대섬입구,126.62565,33.53568,71,2,2&71
231,대섬입구,126.62604,33.53586,71,2,2&71
232,신촌리,126.62168,33.53463,72,2,2&72
233,신촌리,126.62156,33.53439,72,2,2&72
236,명도암입구,126.60386,33.48465,73,2,2&73
237,명도암입구,126.60411,33.48495,73,2,2&73
239,봉개동주민센터,126.59445,33.49073,74,2,2&74
244,동화로입구,126.57286,33.51312,75,2,2&75
245,동화로입구,126.57312,33.5124,75,2,2&75
246,혜원정사,126.60065,33.49038,76,2,2&76
247,혜원정사,126.60055,33.49045,76,2,2&76
248,서회천,126.60688,33.49855,77,2,2&77
249,서회천,126.60673,33.49858,77,2,2&77
253,대림아파트,126.55023,33.49962,78,2,2&78
254,대림아파트,126.55038,33.49988,78,2,2&78
255,대유대림아파트,126.55272,33.50245,79,2,2&79
256,대유대림아파트,126.5526,33.5024,79,2,2&79
257,신천동,126.54959,33.50393,80,2,2&80
258,신천동,126.54907,33.50343,80,2,2&80
261,연수마을,126.54336,33.50163,81,2,2&81
262,제주학생문화원,126.54317,33.5015,81,2,2&81
263,회천입구,126.5984,33.489000000000004,82,2,2&82
264,봉개큰동네,126.59881,33.48935,82,2,2&82
268,화북남문,126.56512,33.5189,83,2,2&83
269,삼성초등학교,126.52664,33.5041,84,2,2&84
270,보성시장,126.52726,33.50342,84,2,2&84
271,광양,126.52806,33.502320000000005,85,2,2&85
272,광양,126.52796,33.502109999999995,85,2,2&85
273,동광양,126.5322,33.50202,86,2,2&86
274,동광양,126.53222,33.5022,86,2,2&86
275,문예회관,126.53703,33.504490000000004,87,2,2&87
276,문예회관,126.53691,33.50463,87,2,2&87
277,인화초등학교,126.53888,33.50602,88,2,2&88
278,인화초등학교,126.53937,33.50668,88,2,2&88
285,시민회관,126.5247,33.50733,89,2,2&89
286,시민회관,126.52455,33.5071,89,2,2&89
287,명도암마을회관,126.6107,33.47092,90,2,2&90
288,명도암마을회관,126.61086,33.47099,90,2,2&90
289,지명뒤,126.60838,33.47538,91,2,2&91
290,지명뒤,126.60805,33.47545,91,2,2&91
291,천수동,126.5419,33.50847,92,2,2&92
292,천수동,126.54257,33.50934,92,2,2&92
297,부록마을,126.56927,33.50136,93,2,2&93
298,부록마을,126.56875,33.50185,93,2,2&93
300,용문마을회관,126.50765,33.50495,94,2,2&94
301,용문마을회관,126.50825,33.50565,94,2,2&94
310,제주여자상업고등학교,126.53696,33.51383,95,2,2&95
311,제주여자상업고등학교,126.53652,33.51393,95,2,2&95
314,사라봉,126.54435,33.51294,96,2,2&96
317,신제주초등학교,126.49648,33.4843,97,2,2&97
318,연동주민센터,126.49636,33.48815,98,2,2&98
319,연동주민센터,126.49662,33.48731,98,2,2&98
320,제주도청신제주로터리,126.49678,33.49143,99,2,2&99
321,제주도청신제주로터리,126.49647,33.4911,99,2,2&99
324,관덕정,126.52096,33.51293,100,2,2&100
325,관덕정,126.52088,33.513220000000004,100,2,2&100
326,농협지역본부,126.52006000000002,33.508070000000004,101,2,2&101
327,농협지역본부,126.51982,33.50772,101,2,2&101
328,제주중앙여자중학교,126.51976,33.50553,102,2,2&102
329,제주중앙여자중학교,126.51998,33.50493,102,2,2&102
330,수선화아파트,126.52982,33.48892,36,2,2&36
331,이도주공아파트,126.53399,33.4902,103,2,2&103
332,이도주공아파트,126.53418,33.49053,103,2,2&103
333,남광로입구,126.53747,33.49251,104,2,2&104
334,남광초등학교,126.53768,33.49293,104,2,2&104
337,혜성무지개타운,126.54178,33.4954,105,2,2&105
338,혜성무지개타운,126.54236000000002,33.49551,105,2,2&105
339,이도근린공원,126.54507,33.49708,106,2,2&106
340,한마음근린공원,126.54538,33.497040000000005,106,2,2&106
343,제주썬호텔,126.4937,33.48972,107,2,2&107
344,제주썬호텔,126.49373,33.4899,107,2,2&107
345,수협제주도지회,126.49503,33.48987,108,2,2&108
346,수협제주도지회,126.49522,33.4897,108,2,2&108
347,이호동동마을,126.46154,33.5004,109,2,2&109
348,이호동동마을,126.46095,33.5003,109,2,2&109
349,이호동주민센터,126.45878,33.49905,110,2,2&110
350,이호동주민센터,126.45827,33.49877,110,2,2&110
353,월랑초등학교,126.4791,33.49265,111,2,2&111
354,월랑초등학교,126.47925,33.49253,111,2,2&111
355,남녕마트,126.48185,33.48993,112,2,2&112
356,남녕마트,126.48186,33.4897,112,2,2&112
357,한라병원,126.48508,33.48944,113,2,2&113
358,한라병원,126.486,33.48963,113,2,2&113
359,노형오거리,126.48057,33.48666,114,2,2&114
360,노형오거리,126.48092,33.486670000000004,114,2,2&114
361,남녕고등학교,126.48311,33.488040000000005,115,2,2&115
362,월랑마을남녕고등학교,126.48219,33.4877,115,2,2&115
369,아르미아파트,126.59428,33.4961,116,2,2&116
370,아르미아파트,126.59447,33.49604,116,2,2&116
371,밤나무골,126.5946,33.501259999999995,117,2,2&117
372,밤나무골,126.59453,33.50202,117,2,2&117
373,도련반석스위트타운,126.59107,33.50666,118,2,2&118
374,도련반석스위트타운,126.59122,33.50666,118,2,2&118
375,도련1동,126.59003,33.50906,119,2,2&119
376,도련1동,126.58975,33.50932,119,2,2&119
377,하나로아파트,126.58918,33.51097,120,2,2&120
378,하나로아파트,126.58928,33.51098,120,2,2&120
379,도련1동입구,126.58896,33.51263,121,2,2&121
380,도련2동,126.58905,33.51288,121,2,2&121
381,제주자동차검사소,126.58898,33.51456,122,2,2&122
382,자동차검사소,126.58883,33.51456,122,2,2&122
387,병문교,126.51831,33.50883,123,2,2&123
388,병문교,126.51849,33.50897,123,2,2&123
392,월성마을회관,126.50518,33.50202,124,2,2&124
393,월성마을회관,126.50475,33.502320000000005,124,2,2&124
394,함덕리(3구),126.6666,33.541709999999995,125,2,2&125
395,함덕리(3구),126.66574,33.54176,125,2,2&125
396,함덕농협지소,126.66449,33.542320000000004,126,2,2&126
397,함덕농협지소,126.66417,33.54235,126,2,2&126
398,함덕비석거리,126.66225,33.54315,127,2,2&127
399,함덕비석거리,126.66167,33.543209999999995,127,2,2&127
400,해양연구소,126.65773,33.54385,128,2,2&128
401,해양연구소,126.65856,33.54375,128,2,2&128
402,신흥리(마을입구)함덕고등학교,126.65364,33.5436,129,2,2&129
403,신흥리(마을입구)함덕고등학교,126.6534,33.54335,129,2,2&129
404,충혼묘지,126.64983,33.541920000000005,130,2,2&130
405,충혼묘지,126.6492,33.54157,130,2,2&130
406,주암주택,126.64567,33.54072,131,2,2&131
407,주암주택,126.64543,33.54085,131,2,2&131
408,조천만세동산,126.6417,33.53958,132,2,2&132
409,조천체육관,126.64273,33.54007,133,2,2&133
410,조천환승정류장(조천리사무소),126.6399,33.53826,134,2,2&134
412,용담레포츠공원,126.49992,33.51801,135,2,2&135
413,용담레포츠공원,126.49945,33.51938,135,2,2&135
414,서해안로,126.4937,33.51982,136,2,2&136
415,서해안로,126.49375,33.51971,136,2,2&136
416,어영마을,126.49008,33.519009999999994,137,2,2&137
417,어영마을,126.48947,33.519009999999994,137,2,2&137
418,몰래물,126.48283,33.51051,138,2,2&138
419,제주대학교교육대학,126.553,33.51312,139,2,2&139
420,제주대학교교육대학,126.55388,33.5137,139,2,2&139
425,화북초등학교,126.56172,33.51762,140,2,2&140
427,월산마을,126.46346,33.47305,141,2,2&141
428,월산마을,126.46305,33.47317,141,2,2&141
429,월산정수장입구,126.46869,33.4784,142,2,2&142
430,월산정수장입구,126.46893,33.47871,142,2,2&142
431,정존마을,126.4733,33.481320000000004,143,2,2&143
432,정존마을,126.47352,33.48181,143,2,2&143
433,노형초등학교,126.47596,33.48353,144,2,2&144
434,노형초등학교,126.47578,33.483709999999995,144,2,2&144
436,고성1리사무소,126.41264,33.45805,145,2,2&145
437,고성1리사무소,126.41286,33.457840000000004,145,2,2&145
438,고성1리종합운동장,126.41517,33.45845,146,2,2&146
439,고성1리종합운동장,126.41561000000002,33.45843,146,2,2&146
442,으뜸마을,126.48035,33.4791,147,2,2&147
444,탐라도서관,126.47741,33.47756,148,2,2&148
447,제주고등학교/중흥S클래스,126.48141,33.47626,149,2,2&149
448,중흥S클래스아파트,126.48214,33.47639,149,2,2&149
451,대학동,126.50667,33.51305,150,2,2&150
452,대학동,126.5076,33.513000000000005,150,2,2&150
455,광령초등학교,126.43644,33.4607,151,2,2&151
456,광령초등학교,126.43615,33.46053,151,2,2&151
457,광령1리사무소,126.43976,33.46099,152,2,2&152
458,광령1리사무소,126.43989,33.46088,152,2,2&152
459,제일빌리지,126.44484,33.46083,153,2,2&153
460,제일빌리지,126.44484,33.460679999999996,153,2,2&153
461,무수천,126.44859,33.46106,154,2,2&154
462,무수천,126.44867,33.46137,154,2,2&154
466,화북남문,126.56598,33.51858,83,2,2&83
469,원동,126.37917,33.39925,155,2,2&155
470,원동,126.37917,33.40061,155,2,2&155
471,운전면허시험장,126.38644,33.40595,156,2,2&156
472,운전면허시험장,126.3862,33.40645,156,2,2&156
473,유수암상동,126.40879,33.42269,157,2,2&157
474,유수암상동,126.40795,33.42299000000001,157,2,2&157
478,대림2차아파트,126.488,33.479,158,2,2&158
479,대림2차아파트,126.48835,33.47885,158,2,2&158
480,연동대림1차아파트,126.48975,33.48028,159,2,2&159
481,연동대림1차아파트,126.48993,33.4807,159,2,2&159
482,신제주오피스텔,126.48996,33.4832,160,2,2&160
483,신제주오피스텔,126.48972,33.4833,160,2,2&160
484,신사수동,126.47751,33.50874,161,2,2&161
485,신사수동,126.47713,33.50881,161,2,2&161
486,해안로,126.47231,33.50932,162,2,2&162
487,해안로,126.47241,33.50921,162,2,2&162
488,오래물광장,126.46722,33.50486,163,2,2&163
489,오래물광장,126.46718,33.50501,163,2,2&163
493,해안,126.45405,33.45896,164,2,2&164
494,해안,126.45434,33.45857,164,2,2&164
495,해안동,126.45255,33.46275,165,2,2&165
496,해안동입구,126.453,33.463159999999995,165,2,2&165
497,제주아트리움,126.45606,33.46559,166,2,2&166
498,제주아트리움,126.45683,33.46613,166,2,2&166
499,제주제일고등학교,126.48157,33.48055,167,2,2&167
500,제주제일고등학교,126.48197,33.48008,167,2,2&167
501,한라수목원,126.48491,33.469840000000005,168,2,2&168
502,하귀반석,126.40798999999998,33.47768,169,2,2&169
503,히귀반석,126.40786,33.47755,169,2,2&169
506,상귀리,126.40919,33.472,170,2,2&170
507,상귀리,126.40911,33.47202,170,2,2&170
508,소앵동입구,126.40829,33.46945,171,2,2&171
509,소앵동입구,126.4081,33.46927,171,2,2&171
510,보로미마을,126.40911,33.46545,172,2,2&172
511,보로미마을,126.40936,33.46545,172,2,2&172
514,해병대아파트입구,126.4971,33.48045,173,2,2&173
515,해병대아파트입구,126.4973,33.48036,173,2,2&173
516,월정사,126.51052,33.46778,174,2,2&174
517,월정사,126.51045,33.467620000000004,174,2,2&174
518,정실마을,126.50971,33.46918,175,2,2&175
519,정실,126.50967,33.46962,175,2,2&175
520,오름가름,126.50787,33.47165,176,2,2&176
521,오름가름,126.50816,33.47169,176,2,2&176
522,새가름,126.50414,33.47325,177,2,2&177
523,새가름,126.50397,33.47347,177,2,2&177
524,예비군훈련장,126.50167,33.47517,178,2,2&178
525,예비군훈련장,126.5017,33.47535,178,2,2&178
526,대원오등동입구,126.54291,33.47762,179,2,2&179
528,대원마을,126.5345,33.4765,180,2,2&180
529,대원마을,126.53474,33.476440000000004,180,2,2&180
530,장구마을,126.53248,33.47637,181,2,2&181
531,장구마을,126.53203,33.47531,181,2,2&181
532,오등동,126.5298,33.47527,182,2,2&182
533,오등동,126.52941,33.47514,182,2,2&182
534,오봉교,126.52627,33.474740000000004,183,2,2&183
535,오봉교,126.52636,33.47466,183,2,2&183
536,진평연립입구,126.5222,33.47055,184,2,2&184
537,진평연립입구,126.52233,33.47053,184,2,2&184
538,GM빌라,126.52079,33.46673,185,2,2&185
539,GM빌라,126.52081,33.46663,185,2,2&185
544,신성여자중고등학교,126.56175,33.47808,186,2,2&186
545,신성여자중고등학교,126.56139,33.4781,186,2,2&186
546,제주교통방송아라아이파크,126.54936,33.47763,187,2,2&187
547,제주교통방송아라아이파크,126.54931,33.47783,187,2,2&187
555,월평마을,126.57519,33.46976,188,2,2&188
556,제주중앙고등학교,126.57128,33.47149,189,2,2&189
557,제주중앙고등학교,126.57158,33.47162,189,2,2&189
558,반석아파트,126.59027,33.48795,190,2,2&190
559,반석주택,126.58981,33.48765,190,2,2&190
560,대용소천,126.59027,33.48101,191,2,2&191
561,대용소천,126.59014,33.48093,191,2,2&191
564,용강동퐁낭밭,126.58405,33.47118,192,2,2&192
565,용강동퐁낭밭,126.58424,33.47133,192,2,2&192
566,시각장애인복지관,126.58099,33.47046,193,2,2&193
567,시각장애인복지관,126.58068,33.47072,193,2,2&193
568,황사평,126.56353,33.49458,194,2,2&194
569,황사평,126.56367,33.49457,194,2,2&194
570,반석주택,126.57113,33.48216,195,2,2&195
571,반석주택,126.57108999999998,33.48207,195,2,2&195
573,월광로,126.47537,33.4932,35,2,2&35
574,월광로,126.4692,33.48833,196,2,2&196
575,월광로,126.46891,33.4877,196,2,2&196
576,광평,126.46808,33.48397,197,2,2&197
577,광평,126.46841,33.48389,197,2,2&197
578,광평동로노형성당,126.47042,33.48207,198,2,2&198
579,광평동로,126.47038,33.4823,198,2,2&198
580,오광로,126.461,33.48525,199,2,2&199
581,오광로,126.46057,33.48566,199,2,2&199
582,오도마을,126.45767,33.4909,200,2,2&200
583,오도마을,126.45737,33.49107,200,2,2&200
584,갈왓,126.45623,33.49331,201,2,2&201
585,갈왓,126.45589,33.49366,201,2,2&201
589,큰동네,126.59697,33.48923,202,2,2&202
590,큰동네,126.59628,33.48949,202,2,2&202
591,원노형,126.47993,33.48467,2,2,2&2
592,화북초등학교,126.56241,33.5177,140,2,2&140
593,매촌,126.58856000000002,33.517959999999995,203,2,2&203
594,매촌,126.58873,33.51788,203,2,2&203
595,연동입구,126.49701,33.49625,204,2,2&204
597,금천마을,126.55343,33.47864000000001,205,2,2&205
598,금천마을,126.55348,33.47849,205,2,2&205
602,삼양종점,126.59147,33.52843,206,2,2&206
603,삼양종점,126.59131,33.52852,206,2,2&206
604,삼양1동,126.59,33.52763,207,2,2&207
607,한마음선원입구,126.57048,33.48911,208,2,2&208
608,영평하동,126.57332,33.486940000000004,209,2,2&209
609,영평하동,126.57315,33.48685,209,2,2&209
612,청화마을입구,126.43012,33.456140000000005,210,2,2&210
613,광령3리사무소,126.42336,33.46387,211,2,2&211
616,광령3리사무소,126.42347,33.46301,211,2,2&211
620,다호마을,126.49625,33.50458,212,2,2&212
621,제주국제공항입구,126.49647,33.50461,212,2,2&212
625,한국방송통신대학,126.47341000000002,33.48672,213,2,2&213
626,정든마을,126.47406,33.48745,213,2,2&213
627,몰래물,126.48218,33.510490000000004,138,2,2&138
628,한라수목원,126.48474,33.46991,168,2,2&168
629,연동입구,126.49674,33.496179999999995,204,2,2&204
631,공항초소,126.48435,33.51362,214,2,2&214
633,도평마을입구,126.45088,33.47993,215,2,2&215
634,도평동,126.45126,33.48013,215,2,2&215
635,공항초소,126.48457,33.51358,214,2,2&214
639,대동마을,126.46379,33.494609999999994,216,2,2&216
640,대동마을,126.46379,33.49445,216,2,2&216
645,용강마을,126.58553,33.4757,217,2,2&217
646,용강동,126.58537,33.47567,217,2,2&217
649,봉개남문,126.59063,33.49042,218,2,2&218
650,봉개남문,126.59078,33.49042,218,2,2&218
653,대한목공소,126.59526,33.499340000000004,219,2,2&219
654,대한목공소,126.59518,33.49927,219,2,2&219
655,한마음선원입구,126.57027,33.48919,208,2,2&208
659,우당도서관입구,126.54517,33.51262,96,2,2&96
662,월평마을,126.57538999999998,33.46968,188,2,2&188
663,전원유치원,126.53966,33.48724,220,2,2&220
664,전원유치원,126.53985,33.48717,220,2,2&220
670,이도2동행정복지센터,126.5364,33.4965,221,2,2&221
671,경제통상진흥원,126.54047,33.498870000000004,222,2,2&222
672,한라일보,126.51966000000002,33.49857,223,2,2&223
673,게이트볼장,126.51963,33.49475,224,2,2&224
674,게이트볼장,126.51987,33.49492,224,2,2&224
675,한라일보,126.51987,33.4986,223,2,2&223
676,경제통상진흥원,126.5403,33.49908,222,2,2&222
677,이도2동행정복지센터,126.53546,33.496109999999994,221,2,2&221
678,서부경찰서,126.40667,33.47293,225,2,2&225
679,서부경찰서,126.40672,33.47278,225,2,2&225
680,주르레마을,126.48651,33.45039000000001,226,2,2&226
681,주르레마을,126.48625,33.44968,226,2,2&226
682,하귀2리,126.39974,33.47878,227,2,2&227
683,하귀2리,126.39952,33.47874,227,2,2&227
688,신제주초등학교,126.49632,33.48505,97,2,2&97
689,광령2리입구,126.4306,33.45929,228,2,2&228
690,광령2리입구,126.43123,33.459509999999995,228,2,2&228
691,원노형,126.48355,33.48598,229,2,2&229
692,메종글래드제주,126.48744,33.485859999999995,230,2,2&230
698,당동,126.3841,33.46856,231,2,2&231
699,당동,126.38428,33.46843,231,2,2&231
704,예원동,126.4033,33.45625,232,2,2&232
709,승준농원,126.40645,33.44838,233,2,2&233
710,승준농원,126.40622,33.44845,233,2,2&233
711,항몽유적지,126.40825,33.45233,234,2,2&234
712,항몽유적지,126.40859,33.45243,234,2,2&234
713,예원동민회관앞,126.39941,33.45898,235,2,2&235
714,예원동민회관앞,126.39933,33.45899,235,2,2&235
716,소길리사무소,126.37975,33.43995,236,2,2&236
717,소길리,126.37914,33.44121,236,2,2&236
718,유수암상동경로당,126.40505,33.422940000000004,237,2,2&237
720,유수암천,126.40066000000002,33.443000000000005,238,2,2&238
721,유수암천,126.40012,33.44313,238,2,2&238
722,용흥리상동,126.36997,33.45573,239,2,2&239
723,용흥리상동,126.37002,33.45592,239,2,2&239
724,용흥리마을회관,126.3695,33.4589,240,2,2&240
725,용흥리마을회관,126.3695,33.459109999999995,240,2,2&240
726,용흥리하동,126.3686,33.4619,241,2,2&241
727,용흥리하동,126.36873,33.4621,241,2,2&241
729,명월리,126.26647,33.38705,242,2,2&242
730,명월리,126.26597,33.38942,243,2,2&243
731,명월리,126.26611,33.38989,243,2,2&243
732,남문동,126.26349,33.39655,244,2,2&244
733,명월하동,126.26337,33.39659,244,2,2&244
734,진근동,126.26356,33.40412,245,2,2&245
735,진근동,126.26397,33.40435,245,2,2&245
737,한림고등학교,126.25841,33.39918,246,2,2&246
738,한림고등학교,126.25857,33.39915,246,2,2&246
745,알진오름입구,126.78413,33.47691,247,2,2&247
746,알진오름입구,126.78417,33.47724,247,2,2&247
747,비자림,126.81034,33.493179999999995,248,2,2&248
748,비자림,126.81043,33.49334,248,2,2&248
749,조수리,126.22831,33.33576,249,2,2&249
750,조수1리,126.2279,33.33783,250,2,2&250
752,조수1리중동,126.22674,33.33415,251,2,2&251
753,한원리,126.20038,33.334,252,2,2&252
754,한원리,126.20042,33.3341,252,2,2&252
756,신창상동,126.18733,33.34838,253,2,2&253
757,신창상동,126.18753,33.3482,253,2,2&253
758,신창리하나로마트한경농협,126.18998,33.34693,254,2,2&254
761,낙천리,126.22701,33.32597,255,2,2&255
762,조수1리,126.2288,33.33578,249,2,2&249
764,조수1리,126.23243,33.33628,256,2,2&256
765,조수1리,126.23277,33.33643,256,2,2&256
766,저지리수동,126.23623,33.33682,257,2,2&257
767,저지리수동,126.23625,33.3369,257,2,2&257
770,평화동,126.25943,33.30951,258,2,2&258
771,청수리평화동,126.25933,33.30955,258,2,2&258
772,청수리,126.25842,33.306909999999995,259,2,2&259
773,청수리,126.25832,33.30685,259,2,2&259
775,산양곶자왈,126.2508,33.2908,260,2,2&260
776,산양리,126.23398,33.295590000000004,261,2,2&261
777,산양리,126.23398,33.29575,261,2,2&261
778,조수2리웃동네,126.21997,33.29677,262,2,2&262
779,조수2리윗동네,126.21961,33.296859999999995,262,2,2&262
780,조수2리,126.21763,33.29585,263,2,2&263
781,조수2리,126.21738,33.29557,263,2,2&263
782,조수2리,126.2145,33.29397,264,2,2&264
783,조수2리,126.21433,33.29371,264,2,2&264
784,고산2리전답동,126.20397,33.29505,265,2,2&265
785,칠전동,126.19465,33.29773,266,2,2&266
787,한장동,126.16763,33.2904,267,2,2&267
788,한장동,126.16752,33.290420000000005,267,2,2&267
789,한장동,126.16748,33.28788,268,2,2&268
790,한장동,126.16783,33.28747,268,2,2&268
793,구시장터,126.32503,33.435179999999995,269,2,2&269
794,구몰리동,126.31562,33.42473,270,2,2&270
795,금능석물원,126.22633,33.38591,271,2,2&271
796,조수1리,126.228,33.3378,250,2,2&250
797,조수1리중동,126.227,33.3342,251,2,2&251
798,낙천리,126.22716,33.32606,255,2,2&255
801,신창리농산물종합유통센터,126.19092,33.34664,254,2,2&254
805,송당초등학교,126.77987,33.471779999999995,272,2,2&272
806,신선동,126.69925,33.51222,273,2,2&273
810,어음2리,126.3384,33.40255,274,2,2&274
812,계원동,126.33407,33.40975,275,2,2&275
813,계원동,126.33383,33.41005,275,2,2&275
814,부면동,126.33278,33.41553,276,2,2&276
815,부면동,126.33267,33.41603,276,2,2&276
816,어음1리사무소,126.3307,33.41722,277,2,2&277
817,어음1리사무소,126.33062,33.4175,277,2,2&277
818,신명동,126.32083,33.41857,278,2,2&278
819,신명동,126.3207,33.41863,278,2,2&278
822,동명리,126.26569,33.4098,279,2,2&279
823,한림2리,126.26605,33.409240000000004,279,2,2&279
824,한림발전소,126.27084,33.4017,280,2,2&280
825,한림발전소,126.27132,33.40161,280,2,2&280
828,양돈단지,126.3083,33.36028,281,2,2&281
829,양돈단지,126.30877,33.359970000000004,281,2,2&281
830,송당상동,126.77312,33.467209999999994,282,2,2&282
831,송당상동,126.77277,33.46638,282,2,2&282
835,혜정원아가의집,126.67784,33.51625,283,2,2&283
836,혜정원아가의집,126.67768,33.51623,283,2,2&283
841,양잠단지,126.70292,33.4588,284,2,2&284
842,선흘2리,126.71153,33.45835,285,2,2&285
843,선흘2리,126.7117,33.45851,285,2,2&285
845,대흘2리,126.673,33.51155,286,2,2&286
846,대흘2리,126.67318,33.5117,286,2,2&286
847,대흘2리,126.67643,33.51267,287,2,2&287
848,대흘2리새동네,126.67645,33.51288,287,2,2&287
853,신안동,126.63523,33.51007,288,2,2&288
854,신안동,126.63498,33.51037,288,2,2&288
855,신안동,126.63535,33.51695,289,2,2&289
856,신안동,126.63563,33.517340000000004,289,2,2&289
857,금붕사,126.8908,33.50075,290,2,2&290
858,동복리휴게소,126.70765,33.5535,291,2,2&291
859,동성동,126.75453,33.55577,292,2,2&292
861,종달리,126.89617,33.49495,293,2,2&293
862,하도리서문동,126.87131,33.51983,294,2,2&294
865,용당리,126.182,33.3346,295,2,2&295
866,용수리충혼묘지,126.17812,33.32086,296,2,2&296
867,신흥동,126.18206,33.34061,297,2,2&297
868,구한경의원앞,126.18241,33.34385,298,2,2&298
869,신창중학교,126.18271,33.34737,299,2,2&299
870,판포리상동,126.20419,33.36768,300,2,2&300
871,곽지모물,126.30875,33.45319,301,2,2&301
873,금붕사,126.89051,33.50066,290,2,2&290
875,신산로,126.53375,33.507909999999995,302,2,2&302
876,문예회관,126.53569,33.50495,303,2,2&303
877,용당리,126.18177,33.333290000000005,295,2,2&295
884,제일농장앞,126.6638,33.49438,304,2,2&304
885,제일농장앞,126.66426,33.49431,304,2,2&304
886,제일농장,126.66832,33.49305,305,2,2&305
889,와산리,126.6822,33.49152,306,2,2&306
892,상덕천,126.74663,33.4837,307,2,2&307
893,상덕천마을입구,126.74692,33.48366,307,2,2&307
894,상덕천리,126.75144,33.48108,308,2,2&308
895,상덕천리,126.75154,33.481190000000005,308,2,2&308
896,웃송당,126.77146,33.47129,309,2,2&309
897,웃송당,126.7717,33.47102,309,2,2&309
899,송당초등학교,126.77923,33.47184,272,2,2&272
900,송당로타리,126.78397,33.47157,310,2,2&310
901,송당로타리,126.78418,33.4716,310,2,2&310
904,수룡동,126.23871,33.30833,311,2,2&311
905,수룡동,126.23853,33.30823,311,2,2&311
908,저청중학교,126.25173,33.32562,312,2,2&312
909,저청중학교,126.2521,33.32582,312,2,2&312
910,상명,126.26975,33.36007,313,2,2&313
911,상명리,126.27005,33.36023,313,2,2&313
912,상명리,126.27962,33.35695,314,2,2&314
913,상명리,126.2792,33.35703,314,2,2&314
914,조성동입구,126.2737,33.35773,315,2,2&315
915,상명리,126.27443,33.357409999999994,315,2,2&315
916,월림리,126.26172,33.35492,316,2,2&316
917,월림리,126.26165,33.35477,316,2,2&316
918,예향원,126.25887,33.35304,317,2,2&317
919,예향원,126.25927,33.35304,317,2,2&317
920,월림삼거리,126.25606,33.349909999999994,318,2,2&318
921,월림삼거리,126.2562,33.35002,318,2,2&318
923,월림리,126.25583,33.34618,319,2,2&319
924,저지리성전동,126.25698,33.3413,320,2,2&320
925,성전동,126.25725,33.34111,320,2,2&320
929,저지남동,126.25515,33.3301,321,2,2&321
930,저지리,126.25523,33.330009999999994,321,2,2&321
932,명리동,126.26784,33.31926,322,2,2&322
933,명리동,126.26803,33.31933,322,2,2&322
934,명리동,126.26978,33.31773,323,2,2&323
935,명리동,126.26977,33.31758,323,2,2&323
936,이시돌삼거리,126.31671,33.34467,324,2,2&324
941,금악,126.2928,33.361999999999995,325,2,2&325
942,금악리,126.29223,33.36255,325,2,2&325
943,금악리,126.28713,33.36658,326,2,2&326
944,금악리,126.2869,33.36667,326,2,2&326
945,고림동,126.28511,33.37457,327,2,2&327
946,고림동,126.28476,33.37415,327,2,2&327
949,신명동,126.28063,33.3888,328,2,2&328
950,신명동,126.28081,33.38875,328,2,2&328
964,미듬아파트,126.26873,33.41875,329,2,2&329
965,미듬아파트,126.26883,33.4187,329,2,2&329
966,한림오일시장,126.27277,33.42051,330,2,2&330
967,한림오일시장,126.27358999999998,33.4208,330,2,2&330
970,대림리사무소,126.28062,33.42252,331,2,2&331
971,대림리사무소,126.28147,33.42263,331,2,2&331
972,대림입전동,126.28336000000002,33.42218,332,2,2&332
973,대림입전동,126.28352,33.422,332,2,2&332
974,귀덕3리,126.29202,33.4182,333,2,2&333
975,귀덕3리,126.2923,33.418,333,2,2&333
976,귀덕3리,126.29618,33.41893,334,2,2&334
977,귀덕3리,126.2962,33.41901,334,2,2&334
978,도림사,126.30234,33.418420000000005,335,2,2&335
979,도림사,126.30245,33.41823,335,2,2&335
980,봉성리서성동,126.31072,33.41721,336,2,2&336
981,봉성리서성동,126.31072,33.41738,336,2,2&336
984,구몰리동,126.31553999999998,33.42479,270,2,2&270
985,구오일시장,126.32489,33.43531,269,2,2&269
986,납읍리섯잣길,126.32758,33.43705,337,2,2&337
989,원동입구,126.33591,33.44501,338,2,2&338
990,상가리서동,126.34097,33.45013,339,2,2&339
991,상가리서동,126.34074,33.45047,339,2,2&339
992,상가리,126.34189,33.45174,340,2,2&340
993,하가입구,126.3442,33.4523,341,2,2&341
994,상가리보건진료소,126.34428,33.452009999999994,341,2,2&341
995,상가리동동,126.34728,33.45208,342,2,2&342
996,하가리오당빌레,126.35085,33.45318,343,2,2&343
997,하가리오당빌레,126.35082,33.45333,343,2,2&343
998,존손이굴,126.36229,33.45217,344,2,2&344
999,용흥리,126.36886,33.45206,345,2,2&345
1000,용흥리,126.36958,33.45172,345,2,2&345
1001,흥국사,126.3781,33.45244,346,2,2&346
1002,흥국사,126.37842,33.45263,346,2,2&346
1005,장전리사무소,126.38845,33.45088,347,2,2&347
1008,장전리동가름,126.39523,33.45264,348,2,2&348
1009,장전리동가름,126.39532,33.45254,348,2,2&348
1010,예원동,126.40335,33.4561,232,2,2&232
1011,극락사,126.40695,33.45653,349,2,2&349
1012,극락사,126.40677,33.456340000000004,349,2,2&349
1014,세화리시장2동,126.85361,33.5236,350,2,2&350
1015,세화리시장2동,126.85325,33.5235,350,2,2&350
1018,선흘,126.70523,33.51156,351,2,2&351
1019,선흘1리,126.70512,33.51168,351,2,2&351
1020,신선동,126.6987,33.51228,273,2,2&273
1021,낙선동,126.69342,33.51455,352,2,2&352
1022,낙선동,126.69353,33.51467,352,2,2&352
1023,억수동,126.68707,33.52656,353,2,2&353
1024,억수동,126.68676,33.52676,353,2,2&353
1025,유수암리,126.41093,33.42781,354,2,2&354
1030,먼나먼루,126.65023,33.487759999999994,355,2,2&355
1031,먼나먼루,126.6501,33.48793,355,2,2&355
1033,대흘1리,126.6541,33.498459999999994,356,2,2&356
1034,대흘1리,126.65392,33.49855,356,2,2&356
1035,탐라도뚜리농장,126.64238,33.50236,357,2,2&357
1036,탐라도뚜리농장,126.64192,33.50213,357,2,2&357
1039,새가름마을,126.62882,33.50482,358,2,2&358
1040,새가름마을,126.62845,33.5047,358,2,2&358
1041,동회천,126.61338,33.50465,359,2,2&359
1047,선흘2리입구,126.70153,33.458859999999994,360,2,2&360
1048,선흘2리입구,126.70143,33.45841,360,2,2&360
1049,거문오름입구,126.709,33.45304,361,2,2&361
1050,거문오름입구,126.70935,33.452220000000004,361,2,2&361
1051,대천환승정류장(제주방향),126.73489,33.43642,362,2,2&362
1052,성연목장,126.7568,33.422340000000005,363,2,2&363
1053,성연목장,126.75697,33.42255,363,2,2&363
1054,제주민속식품입구,126.7515,33.4282,364,2,2&364
1055,제주민속식품입구,126.75147,33.42851,364,2,2&364
1056,대성목장,126.74753,33.43071,365,2,2&365
1057,대성목장,126.74768,33.43088,365,2,2&365
1059,대천환승정류장(교래방향),126.73451,33.435179999999995,362,2,2&362
1063,산굼부리,126.68933,33.435320000000004,366,2,2&366
1064,산굼부리,126.68883999999998,33.43537,366,2,2&366
1066,교래리보건소,126.6762,33.43626,367,2,2&367
1069,구엄리,126.37619,33.474540000000005,368,2,2&368
1070,구엄리,126.37625,33.47432,368,2,2&368
1071,중엄리,126.37339,33.47355,369,2,2&369
1072,중엄리,126.37367,33.47346,369,2,2&369
1073,신엄리,126.36807,33.47177,370,2,2&370
1074,신엄리,126.36813,33.4716,370,2,2&370
1076,고내리애월119센터,126.34943,33.46629,371,2,2&371
1077,애월119센터,126.34871,33.46623,371,2,2&371
1078,고내리,126.33805,33.46246,372,2,2&372
1079,고내리,126.3389,33.46315,372,2,2&372
1080,애월고등학교,126.33447,33.46262,373,2,2&373
1081,애월고등학교,126.33455,33.46243,373,2,2&373
1088,신설동,126.31637,33.46431,374,2,2&374
1089,신설동,126.3157,33.46433,374,2,2&374
1090,한담동,126.31269,33.46264,375,2,2&375
1091,한담동,126.31278,33.46243,375,2,2&375
1092,곽지모물,126.30892,33.45169,301,2,2&301
1093,곽지해수욕장,126.30746,33.44843,376,2,2&376
1094,곽지해수욕장,126.30757,33.4482,376,2,2&376
1099,하동복지회관,126.29679,33.44421,377,2,2&377
1100,하동복지회관,126.29677,33.44437,377,2,2&377
1107,귀덕새마을금고,126.28327,33.43994,378,2,2&378
1108,귀덕새마을금고,126.28236,33.43974,378,2,2&378
1111,라신동,126.27783,33.43527,379,2,2&379
1112,라신동,126.27738,33.434059999999995,379,2,2&379
1113,용운동,126.27596,33.43227,380,2,2&380
1114,용운동,126.27592,33.43195,380,2,2&380
1115,대림입구,126.27239,33.4286,381,2,2&381
1116,대림입구,126.27198,33.42846,381,2,2&381
1117,수원리,126.26994,33.426140000000004,382,2,2&382
1118,수원리,126.26913,33.42566,382,2,2&382
1121,옹포리,126.2522,33.40332,383,2,2&383
1122,옹포리,126.25168,33.40303,383,2,2&383
1123,옹포사거리,126.25598,33.40558,384,2,2&384
1124,옹포사거리,126.25612,33.40585,384,2,2&384
1125,한림여자중학교,126.25965,33.41033,385,2,2&385
1126,한림여자중학교,126.25977,33.4109,385,2,2&385
1127,한국통신,126.26118,33.41275,386,2,2&386
1128,한국통신,126.26138,33.41302,386,2,2&386
1129,한림환승정류장(한림리),126.26336,33.41437,387,2,2&387
1130,한림환승정류장(한림리),126.26427,33.41453,387,2,2&387
1131,한수리,126.2646,33.42224,388,2,2&388
1132,한수리,126.26409,33.42187,388,2,2&388
1135,협재리,126.24528,33.39788,389,2,2&389
1136,협재리,126.24465,33.39753,389,2,2&389
1137,협재해수욕장,126.24098,33.39421,390,2,2&390
1138,협재해수욕장,126.24082,33.39423,390,2,2&390
1139,한림공원,126.23908,33.39182,391,2,2&391
1140,한림공원,126.23886,33.39178,391,2,2&391
1141,금능리,126.23226,33.3874,392,2,2&392
1142,금능리,126.23234,33.38722,392,2,2&392
1143,금능석물원,126.22628,33.38603,271,2,2&271
1144,월령리,126.21782,33.37615,393,2,2&393
1145,월령리,126.2174,33.37595,393,2,2&393
1146,판포리상동,126.20451,33.36765,300,2,2&300
1149,금등리마을,126.19296,33.36175,394,2,2&394
1150,금등리마을,126.1924,33.36178,394,2,2&394
1151,구한경의원앞,126.18268,33.34407,298,2,2&298
1152,신창리한경수협,126.18279,33.34761,299,2,2&299
1154,두모리사무소,126.18528,33.35351,395,2,2&395
1155,두모리사무소,126.18533,33.353970000000004,395,2,2&395
1156,신흥동,126.18238,33.34063,297,2,2&297
1157,용수리,126.17853999999998,33.32101,296,2,2&296
1158,고산1리(구출장소),126.17855,33.30657,396,2,2&396
1159,고산1리(구출장소),126.17898,33.306059999999995,396,2,2&396
1160,고산우체국앞,126.1796,33.3038,397,2,2&397
1161,고산,126.17942,33.30307,397,2,2&397
1166,엘리시안CC,126.37142,33.38017,398,2,2&398
1168,렛츠런파크,126.39263,33.40997,399,2,2&399
1169,렛츠런파크,126.39343,33.41042,399,2,2&399
1170,고성2리,126.42416,33.43616,400,2,2&400
1171,제주공룡원,126.43186,33.443290000000005,401,2,2&401
1172,산이굴,126.43163,33.44396,401,2,2&401
1173,고성2리,126.42403,33.43694,400,2,2&400
1175,어음2리입구,126.37048,33.38025,398,2,2&398
1176,하도리창흥동,126.88738,33.50877,402,2,2&402
1177,하도리창흥동,126.88703,33.50856,402,2,2&402
1178,하도리동동,126.88448,33.51605,403,2,2&403
1179,하도리동동,126.88421,33.51593,403,2,2&403
1180,하도리,126.88272,33.51793,404,2,2&404
1181,하도리,126.88259,33.51777,404,2,2&404
1182,하도초등학교,126.87902,33.51812,405,2,2&405
1183,하도초등학교,126.87904,33.5179,405,2,2&405
1184,하도리면수동,126.86867,33.52065,406,2,2&406
1185,하도리면수동,126.8681,33.52102,406,2,2&406
1191,세화고등학교,126.863,33.5168,407,2,2&407
1192,상도리세화고등학교,126.86353,33.51653,407,2,2&407
1193,상도마을회관,126.86532,33.51487,408,2,2&408
1194,상도마을회관,126.86613,33.51445,408,2,2&408
1195,종달리,126.89621,33.49512,293,2,2&293
1196,종달초등학교,126.89648,33.4929,409,2,2&409
1197,종달초등학교,126.89627,33.49238,409,2,2&409
1198,평대리동동,126.84971000000002,33.524390000000004,410,2,2&410
1199,평대리동동,126.8495,33.52432,410,2,2&410
1205,평대리서동,126.83778,33.530770000000004,411,2,2&411
1206,평대리서동,126.83758,33.53078,411,2,2&411
1207,계룡동,126.83389,33.53362,412,2,2&412
1208,계룡동,126.83345,33.5344,412,2,2&412
1209,한동리,126.82958,33.53717,413,2,2&413
1210,한동리,126.82945,33.5371,413,2,2&413
1211,한동리서동,126.82722,33.53873,414,2,2&414
1212,한동리서동,126.82693,33.53877,414,2,2&414
1213,구좌중앙초등학교,126.79858,33.55117,415,2,2&415
1214,구좌중앙초등학교,126.79898,33.55118,415,2,2&415
1215,행원리,126.80771,33.55337,416,2,2&416
1216,행원리,126.80828,33.55293,416,2,2&416
1217,행원농공단지,126.8141,33.54936,417,2,2&417
1218,행원농공단지,126.81438,33.5493,417,2,2&417
1219,월정리,126.79105,33.5519,418,2,2&418
1220,월정리,126.79115,33.55175,418,2,2&418
1223,지경곰,126.76855,33.55198,419,2,2&419
1224,지경곰,126.76818,33.55229,419,2,2&419
1227,동성동,126.75453,33.55563,292,2,2&292
1228,김녕환승정류장(김녕초등학교),126.75125,33.55503,420,2,2&420
1229,김녕환승정류장(김녕초등학교),126.75127,33.5549,420,2,2&420
1230,김녕리,126.74795,33.55422,421,2,2&421
1231,김녕리,126.74711,33.55438,421,2,2&421
1232,남흘동,126.74328,33.55535,422,2,2&422
1233,남흘동,126.74293,33.55543,422,2,2&422
1234,동복리,126.71265,33.553020000000004,423,2,2&423
1235,동복리,126.71257,33.55292,423,2,2&423
1236,동복리휴게소,126.70765,33.553329999999995,291,2,2&291
1243,911의원,126.6784,33.540620000000004,424,2,2&424
1244,911의원,126.67808,33.540690000000005,424,2,2&424
1246,한라산둘레길(천아숲길입구),126.47705,33.4095,425,2,2&425
1247,충혼묘지,126.48995,33.4182,426,2,2&426
1248,한라산둘레길(천아숲길입구),126.47718,33.40935,425,2,2&425
1249,어리목,126.48531,33.39035,427,2,2&427
1250,어리목입구,126.48533,33.39022,427,2,2&427
1251,충혼묘지,126.48982,33.41827,426,2,2&426
1254,봉개교,126.58166,33.496759999999995,428,2,2&428
1255,전원마을,126.63871,33.47485,429,2,2&429
1258,이기풍선교기념관,126.6627,33.45656,430,2,2&430
1259,제주돌문화공원,126.66402,33.44747,431,2,2&431
1262,제주목장,126.67799,33.41741,432,2,2&432
1263,제주목장,126.67794,33.41726,432,2,2&432
1266,제주돌문화공원,126.66429,33.44615,431,2,2&431
1267,이기풍선교기념관,126.66228,33.45588,430,2,2&430
1269,전원마을,126.63868,33.47456,429,2,2&429
1271,봉개교,126.58155,33.49654,428,2,2&428
1272,제주컨트리클럽,126.58545,33.4327,433,2,2&433
1273,견월교,126.60814,33.42401,434,2,2&434
1276,견월교,126.60822,33.42378,434,2,2&434
1277,제주컨트리클럽,126.58505,33.432959999999994,433,2,2&433
1281,와흘상동,126.63477,33.49276,435,2,2&435
1282,장전리사무소,126.38821000000002,33.450990000000004,347,2,2&347
1283,납읍리섯잣길,126.32738,33.43673,337,2,2&337
1284,더럭초등학교,126.34616,33.45415,436,2,2&436
1286,하가리연못,126.34839,33.4558,437,2,2&437
1287,원동입구,126.33588,33.444759999999995,338,2,2&338
1289,와산삼거리,126.68226,33.49129,306,2,2&306
1290,제일농장,126.66837,33.49282,305,2,2&305
1292,상가리,126.3415,33.45178,340,2,2&340
1294,하가리주승골,126.35077,33.45774,438,2,2&438
1295,하가리노인회관,126.35072,33.45782,438,2,2&438
1296,더럭초등학교,126.34607,33.45424000000001,436,2,2&436
1298,존손이굴,126.36197,33.45243,344,2,2&344
1302,이시돌삼거리,126.31695,33.3447,324,2,2&324
1303,동수동,126.62241000000002,33.5175,439,2,2&439
1304,동수동,126.6225,33.51762,439,2,2&439
1313,상가리동동,126.3466,33.45211,342,2,2&342
1316,동회천,126.61345,33.50455,359,2,2&359
1320,관동산,126.63569,33.50663,440,2,2&440
1321,관동산,126.63565,33.50643,440,2,2&440
1324,선린지,126.71556,33.49331,441,2,2&441
1325,선린지,126.71565,33.49305,441,2,2&441
1326,알밤오름,126.71281,33.49695,442,2,2&442
1327,알밤오름,126.7127,33.49678,442,2,2&442
1328,웃가름,126.70701,33.50927,443,2,2&443
1329,웃가름,126.70706,33.508990000000004,443,2,2&443
1330,유수암(거문덕이),126.4002,33.43105,444,2,2&444
1331,유수암(거문덕이),126.40006,33.43095,444,2,2&444
1343,하가삼거리,126.3484,33.4561,437,2,2&437
1353,한라도서관,126.51472,33.47615,445,2,2&445
1356,제주절물자연휴양림,126.63018999999998,33.440259999999995,446,2,2&446
1357,한라생태숲,126.59716,33.429559999999995,447,2,2&447
1358,한라생태숲,126.59649,33.42981,447,2,2&447
1359,제주도립미술관입구,126.4871,33.45454,448,2,2&448
1360,제주도립미술관입구,126.48722,33.45465,448,2,2&448
1361,가원,126.56303,33.49861,449,2,2&449
1362,도깨비공원,126.69301000000002,33.465070000000004,450,2,2&450
1363,도깨비공원,126.69268999999998,33.46553,450,2,2&450
1364,제주삼다수,126.67664,33.4214,451,2,2&451
1365,제주삼다수,126.67673,33.42161,451,2,2&451
1366,사려니숲길,126.62644,33.42304,452,2,2&452
1367,사려니숲길,126.6258,33.42308,452,2,2&452
1368,저지리알못,126.26332,33.33595,453,2,2&453
1369,저지리알못,126.26369,33.33589,453,2,2&453
1372,저지리신흥동,126.26396,33.33855,454,2,2&454
1373,신흥동,126.26416,33.33863,454,2,2&454
1374,용수리마을회관,126.16884,33.32529,455,2,2&455
1375,주구동산,126.17026,33.32282,456,2,2&456
1377,별빛누리공원/난타공연장,126.54847,33.44531,457,2,2&457
1379,관음사등산로입구,126.54977,33.42245,458,2,2&458
1380,관음사등산로입구,126.54963,33.422340000000005,458,2,2&458
1381,삼담우체국,126.51279,33.50196,459,2,2&459
1382,미래컨벤션센터,126.51475,33.506640000000004,460,2,2&460
1383,삼도119센터,126.51778,33.51449,461,2,2&461
1384,이화아파트,126.53991,33.51814,462,2,2&462
1385,사라봉경로당입구,126.53853,33.51615,463,2,2&463
1386,제주해변공연장,126.52252,33.51746,464,2,2&464
1387,사라봉경로당입구,126.53831,33.51559,463,2,2&463
1388,이화아파트,126.53985,33.51828,462,2,2&462
1389,제주해변공연장,126.52247,33.5173,464,2,2&464
1390,삼도119센터,126.51789,33.51457,461,2,2&461
1391,미래컨벤션센터,126.51482,33.506609999999995,460,2,2&460
1392,화북휴먼시아,126.57382,33.51717,465,2,2&465
1393,화북휴먼시아,126.57468,33.51737,465,2,2&465
1394,축산진흥원입구,126.48755,33.446909999999995,466,2,2&466
1395,축산진흥원입구,126.48744,33.44686,466,2,2&466
1396,화북공업지역입구,126.56453,33.51173,467,2,2&467
1397,구산마을,126.53801,33.483290000000004,468,2,2&468
1398,구산마을,126.53809,33.48314,468,2,2&468
1399,황세왓동산,126.56709,33.49296,469,2,2&469
1400,황세왓동산,126.56713,33.49313,469,2,2&469
1401,고산농산물유통센터,126.19183999999998,33.29834,470,2,2&470
1402,고산농산물유통센터,126.19177,33.29845,470,2,2&470
1405,월광동굴동산,126.25717,33.29499000000001,471,2,2&471
1406,월광동굴동산,126.25739,33.295120000000004,471,2,2&471
1407,웃드르빛센터,126.25875,33.302440000000004,472,2,2&472
1408,웃드르빛센터,126.25858999999998,33.302409999999995,472,2,2&472
1409,산양리감귤선과장,126.23761,33.30303,473,2,2&473
1410,산양리감귤선과장,126.23776,33.30301,473,2,2&473
1413,일성콘도미니엄,126.2215,33.3851,474,2,2&474
1414,일성콘도미니엄,126.22169,33.38499,474,2,2&474
1415,수원주유소,126.26651,33.42371,475,2,2&475
1416,수원주유소,126.26675,33.42373,475,2,2&475
1417,봉성리사무소,126.31295,33.42219,476,2,2&476
1418,봉성리사무소,126.3127,33.42219,476,2,2&476
1419,어음1리입구,126.32665,33.41838,477,2,2&477
1420,어음1리입구,126.32662,33.418420000000005,477,2,2&477
1425,알송당,126.78735,33.48378,478,2,2&478
1426,알송당,126.78724,33.48375,478,2,2&478
1427,대림동,126.75525,33.4992,479,2,2&479
1428,대림동,126.75497,33.499,479,2,2&479
1430,감귤작목반입구,126.68444,33.53419,480,2,2&480
1431,감귤작목반입구,126.68459,33.5341,480,2,2&480
1434,제주국제대학교,126.57216,33.44141,481,2,2&481
1436,가물개공원,126.58465,33.52466,482,2,2&482
1437,가물개공원,126.58482,33.52455,482,2,2&482
1438,삼양3동,126.57952,33.5251,483,2,2&483
1439,삼양3동,126.5797,33.524680000000004,483,2,2&483
1441,하귀휴먼시아1단지,126.41618,33.48368,484,2,2&484
1444,하귀휴먼시아1단지,126.41587,33.48338,484,2,2&484
1447,라마다프라자제주호텔,126.51848,33.51823,485,2,2&485
1448,라마다프라자제주호텔,126.51856,33.51838,485,2,2&485
1451,도평입구,126.46504,33.4795,486,2,2&486
1452,도평입구,126.46528,33.47946,486,2,2&486
1453,부민장례식장,126.52241,33.48076,487,2,2&487
1454,부민장례식장,126.52234,33.480920000000005,487,2,2&487
1455,한일베라체,126.54836,33.4948,488,2,2&488
1456,한일베라체,126.54855,33.494170000000004,488,2,2&488
1457,거로사거리,126.55701,33.50765,489,2,2&489
1458,거로사거리,126.55526,33.507,490,2,2&490
1459,거로사거리,126.5555,33.50778,490,2,2&490
1460,거로사거리,126.557,33.50689000000001,489,2,2&489
1461,신광사거리,126.49333,33.49384000000001,31,2,2&31
1463,메종글래드제주,126.4869,33.48608,230,2,2&230
1465,한국BMI,126.57299,33.44907,491,2,2&491
1466,한국BMI,126.5732,33.44899,491,2,2&491
1471,제주여자중고등학교제주지방해양경찰청,126.54182,33.48516,492,2,2&492
1472,제주여자중고등학교,126.54171,33.485,492,2,2&492
1473,하도리서문동,126.88188,33.52738,493,2,2&493
1474,하도리서문동,126.8814,33.52722,493,2,2&493
1475,선진동,126.70321,33.45753,284,2,2&284
1477,신연동,126.2495,33.31624,494,2,2&494
1478,신연동,126.24965,33.31608,494,2,2&494
1479,가시나물,126.56995,33.47252,495,2,2&495
1480,가시나물,126.57014,33.471090000000004,495,2,2&495
1481,달샘마을,126.57015,33.474509999999995,496,2,2&496
1482,달샘마을,126.56996,33.47442,496,2,2&496
1483,제주삼양동유적,126.58642,33.5232,497,2,2&497
1484,제주삼양동유적,126.58675,33.52294000000001,497,2,2&497
1486,오라1동복지회관,126.51639,33.49392,26,2,2&26
1487,해병대제9여단,126.49974,33.47729,498,2,2&498
1488,해병대제9여단,126.49975,33.477509999999995,498,2,2&498
1489,방선문빌리지,126.5368,33.47766,499,2,2&499
1490,방선문빌리지,126.53635,33.47767,499,2,2&499
1492,신사동(종점),126.67791,33.52537,500,2,2&500
1499,제주영지학교,126.54267,33.489290000000004,501,2,2&501
1500,제주영지학교,126.5429,33.48919,501,2,2&501
1501,탐라중학교,126.5453,33.49075,502,2,2&502
1502,탐라중학교,126.54552,33.49112,502,2,2&502
1503,한마음병원,126.54735,33.496,503,2,2&503
1504,한마음병원,126.5472,33.495940000000004,503,2,2&503
1505,돌선밭,126.42516,33.45415,504,2,2&504
1506,돌선밭,126.42517,33.45397,504,2,2&504
1507,던덕모롤,126.40817,33.462309999999995,505,2,2&505
1508,던덕모롤,126.40838,33.4624,505,2,2&505
1509,삼담우체국,126.51304,33.50253,459,2,2&459
1510,용해로,126.50258,33.51522,506,2,2&506
1511,용해로,126.50226,33.51575,506,2,2&506
1513,우령서로입구,126.4264,33.49155,507,2,2&507
1514,우령서로입구,126.42621,33.49179,507,2,2&507
1516,하귀농협장례식장,126.42589,33.47268,508,2,2&508
1517,하귀농협장례식장,126.42647,33.47249,508,2,2&508
1522,사라마을,126.44087,33.46929,509,2,2&509
1523,사라마을,126.44001000000002,33.46986,509,2,2&509
1524,상귀동카름,126.41297,33.47319,510,2,2&510
1525,청소년수련원,126.61874,33.45456,511,2,2&511
1526,4.3평화공원,126.62162,33.451190000000004,512,2,2&512
1527,4.3평화공원,126.6219,33.45103,512,2,2&512
1528,청소년수련원,126.61921,33.45425,511,2,2&511
1530,교래자연휴양림,126.66629,33.443090000000005,513,2,2&513
1531,교래자연휴양림,126.66605,33.44373,513,2,2&513
1534,새마을금고연수원,126.39676,33.41341,514,2,2&514
1535,새마을금고연수원,126.39717,33.41285,514,2,2&514
1537,김녕미로공원,126.77247,33.53613,515,2,2&515
1538,김녕미로공원,126.77249,33.53604,515,2,2&515
1539,"다랑쉬오름입구(남),손지오름",126.81712,33.46031,516,2,2&516
1540,"다랑쉬오름입구(남),손지오름",126.81713,33.46024,516,2,2&516
1545,성수동,126.4128,33.48095,517,2,2&517
1546,성수동,126.41274,33.48079,517,2,2&517
1547,광평고치동산,126.46373,33.4836,518,2,2&518
1548,광평고치동산,126.46411,33.48366,518,2,2&518
1550,멍중내,126.68585,33.51113,519,2,2&519
1551,멍중내,126.6863,33.51123,519,2,2&519
1552,청수리웃동네,126.24597,33.31989,520,2,2&520
1553,청수리웃동네,126.24592,33.31986,520,2,2&520
1554,개법사,126.33831,33.40422,521,2,2&521
1555,개법사,126.33823,33.40442,521,2,2&521
1556,두인빌라삼거리,126.40409,33.42407,522,2,2&522
1557,두인빌라삼거리,126.40412,33.4241,522,2,2&522
1558,유수암리입구,126.39103,33.44339,523,2,2&523
1559,장전리입구,126.39112,33.44352,523,2,2&523
1562,전국환경감시협회,126.66095,33.462270000000004,524,2,2&524
1563,전국환경감시협회,126.66079,33.46224,524,2,2&524
1566,금능해수욕장,126.23559,33.389540000000004,525,2,2&525
1567,금능해수욕장,126.23565,33.38947,525,2,2&525
1568,당동산,126.4334,33.46001,526,2,2&526
1571,제주국제대학교,126.57243,33.441320000000005,481,2,2&481
1572,제주절물자연휴양림,126.63025,33.4407,446,2,2&446
1573,노루생태관찰원,126.62753,33.44485,527,2,2&527
1574,노루생태관찰원,126.62732,33.44473,527,2,2&527
1575,영등물,126.73614,33.55556,528,2,2&528
1576,금산목,126.80524,33.55366,529,2,2&529
1578,별빛누리공원/난타공연장,126.54831,33.445440000000005,457,2,2&457
1580,전경대입구,126.87714,33.50679,530,2,2&530
1581,전경대입구,126.87764,33.506809999999994,530,2,2&530
1582,동부위생처리장입구,126.69538,33.43631,531,2,2&531
1583,동부위생처리장입구,126.69547,33.43645,531,2,2&531
1584,셰프라인월드,126.73162,33.43468,532,2,2&532
1585,셰프라인월드,126.73242,33.43489,532,2,2&532
1586,환경시설관리소,126.62542,33.480340000000005,533,2,2&533
1587,환경시설관리소,126.62572,33.47952,533,2,2&533
1588,당동산,126.4336,33.4599,526,2,2&526
1590,청용사,126.33074,33.44166,534,2,2&534
1591,청용사,126.33082,33.44191,534,2,2&534
1592,가원,126.5629,33.49866,449,2,2&449
1593,다희연,126.70605,33.48723,535,2,2&535
1594,다희연,126.70633,33.48748,535,2,2&535
1596,고상동,126.6734,33.50854,536,2,2&536
1597,고상동,126.67321,33.508590000000005,536,2,2&536
1600,서부신협유통영농조합,126.26114,33.3356,537,2,2&537
1602,청소년수련원,126.23875,33.3776,538,2,2&538
1603,청소년수련원,126.23882,33.37684,538,2,2&538
1604,금능농공단지입구,126.24721,33.36258,539,2,2&539
1605,금능농공단지입구,126.24737,33.36266,539,2,2&539
1606,금능농공단지,126.24327,33.35913,540,2,2&540
1607,금능농공단지,126.24346,33.35899000000001,540,2,2&540
1608,더마파크,126.24281,33.3571,541,2,2&541
1609,더마파크,126.24304,33.35725,541,2,2&541
1610,서부농업기술센터,126.24745,33.35281,542,2,2&542
1611,서부농업기술센터,126.24748999999998,33.35241,542,2,2&542
1612,제주유리의성,126.27191,33.31413,543,2,2&543
1613,제주유리의성,126.27206,33.31367,543,2,2&543
1614,제주평화양로원,126.61133999999998,33.46524,544,2,2&544
1615,제주평화양로원,126.61112,33.4655,544,2,2&544
1616,안국사,126.61119,33.4686,545,2,2&545
1617,안국사,126.61088,33.46897,545,2,2&545
1618,방애왓,126.60484,33.48118,546,2,2&546
1619,방애왓,126.60525,33.48123,546,2,2&546
1623,월정리용천동,126.78275,33.55072,547,2,2&547
1624,월정리용천동,126.78202,33.5506,547,2,2&547
1626,애월하나로마트,126.3213,33.46008,548,2,2&548
1627,애월하나로마트,126.32112,33.46001,548,2,2&548
1631,삼부장미아파트입구,126.59002,33.52744000000001,207,2,2&207
2162,산양곶자왈,126.25085,33.29072,260,2,2&260
2891,교래리보건소,126.67669,33.43665,367,2,2&367
2893,삼화지구,126.58124,33.51723,549,2,2&549
2895,오름중학교,126.58563,33.517109999999995,550,2,2&550
2896,오름중학교,126.58582,33.51729,550,2,2&550
2897,삼화부영1차아파트,126.58757,33.51696,551,2,2&551
2898,도련초등학교,126.58301000000002,33.51421,552,2,2&552
2900,수산저수지입구,126.39014,33.4732,553,2,2&553
2901,수산저수지입구,126.39055,33.47313,553,2,2&553
2904,신산머루,126.43747,33.45006,554,2,2&554
2905,신산머루,126.43758,33.44981,554,2,2&554
2906,"청화마을입구,진밭동네",126.4268,33.459070000000004,555,2,2&555
2907,"청화마을입구,진밭동네",126.42696,33.45897,555,2,2&555
2910,어음2리,126.33843,33.40247,274,2,2&274
2911,명리동알동네,126.26816,33.31691,556,2,2&556
2912,명리동알동네,126.26825,33.31678,556,2,2&556
2914,못거리,126.27814,33.39277,557,2,2&557
2915,테왓동네,126.24317,33.319,558,2,2&558
2916,테왓동네,126.24297,33.319,558,2,2&558
2917,서부신협유통영농조합,126.26125,33.33546,537,2,2&537
2918,못거리,126.27786,33.39258,557,2,2&557
2919,이호동물병원,126.31545,33.35367,559,2,2&559
2920,이호동물병원,126.31541,33.35347,559,2,2&559
2922,목다운목,126.68844,33.520140000000005,560,2,2&560
2923,목다운목,126.68866,33.52017,560,2,2&560
2924,선흘1리운동장,126.70781,33.504909999999995,561,2,2&561
2925,선흘1리운동장,126.70798,33.50506,561,2,2&561
2926,농굴왓입구,126.82654,33.50806,562,2,2&562
2927,농굴왓입구,126.82616000000002,33.50808,562,2,2&562
2930,덕천보건진료소,126.76711,33.503170000000004,563,2,2&563
2931,덕천보건진료소,126.76739,33.50323,563,2,2&563
2932,벌탬못,126.77234,33.50714,564,2,2&564
2933,벌탬못,126.77183,33.50768,564,2,2&564
2934,뒷산길,126.65061,33.49275,565,2,2&565
2935,뒷산길,126.65075,33.49285,565,2,2&565
2938,막거리,126.40131,33.42726,566,2,2&566
2939,막거리,126.4014,33.42743,566,2,2&566
2940,평화동회관,126.25355,33.30704,567,2,2&567
2941,평화동회관,126.25357,33.30736,567,2,2&567
2944,신안동,126.63479,33.51493,568,2,2&568
2945,신안동,126.63504,33.515,568,2,2&568
2946,상하수도본부,126.64996,33.499140000000004,569,2,2&569
2947,상하수도본부,126.65015,33.499320000000004,569,2,2&569
2948,한흘마을입구,126.66202,33.49565,570,2,2&570
2949,한흘마을입구,126.66211,33.495740000000005,570,2,2&570
2950,와산리경로당,126.68148,33.49276,571,2,2&571
2951,와산리경로당,126.68109,33.49287,571,2,2&571
2952,금산,126.68012,33.49532,572,2,2&572
2953,금산,126.67997,33.495059999999995,572,2,2&572
2954,틀라목,126.67753,33.50076,573,2,2&573
2955,틀라목,126.67696,33.50097,573,2,2&573
2956,원노형,126.48319,33.48617,229,2,2&229
2957,정든마을3단지,126.47129,33.49007,574,2,2&574
2958,정든마을3단지,126.4713,33.48981,574,2,2&574
2959,임항로,126.54028,33.52071,68,2,2&68
2960,소길장밭,126.38443999999998,33.4424,575,2,2&575
2961,소길장밭,126.38427,33.4425,575,2,2&575
2962,백화동,126.71017,33.46699,576,2,2&576
2963,백화동,126.71042,33.46683,576,2,2&576
2967,관음사,126.55787,33.42642,577,2,2&577
2968,관음사,126.55773,33.42661,577,2,2&577
2969,제주버스터미널(종점),126.51632,33.49919000000001,578,2,2&578
2976,산전동,126.25539,33.34568,319,2,2&319
2978,성화마을회관,126.50279,33.51227,579,2,2&579
2979,성화마을회관,126.50303,33.51227,579,2,2&579
2980,용담어린이집,126.50532,33.51175,580,2,2&580
2981,용담어린이집,126.50548,33.51171,580,2,2&580
2984,도련초등학교,126.58328,33.51443,552,2,2&552
2985,삼화부영1차아파트,126.58768,33.51717,551,2,2&551
2986,존손이굴,126.35934,33.452940000000005,581,2,2&581
2987,존손이굴,126.35918999999998,33.45319,581,2,2&581
2988,동복리관광체험어장,126.71654,33.553329999999995,582,2,2&582
3057,청화마을입구,126.43023,33.45608,210,2,2&210
3063,이스트소프트,126.57148,33.44722,583,2,2&583
3064,이스트소프트,126.57161,33.44756,583,2,2&583
3088,해아미,126.31847,33.4292,584,2,2&584
3093,교래분교,126.6794,33.436409999999995,585,2,2&585
3099,동복리관광체험어장,126.7156,33.553290000000004,582,2,2&582
3100,이도초등학교,126.53275,33.48924,586,2,2&586
3103,교래분교,126.67927,33.43635,585,2,2&585
3104,어대오름,126.76082,33.501059999999995,587,2,2&587
3105,어대오름,126.761,33.50105,587,2,2&587
3106,행원목장,126.76983,33.51767,588,2,2&588
3107,행원목장,126.77021,33.51765,588,2,2&588
3109,생각하는정원,126.25502,33.3263,589,2,2&589
3110,생각하는정원,126.25526,33.326,589,2,2&589
3113,우진교차로,126.69885,33.46088,590,2,2&590
3114,우진교차로,126.69919,33.46008,590,2,2&590
3117,제석머리,126.17694,33.31507,591,2,2&591
3118,제석머리,126.17717,33.31547,591,2,2&591
3119,각시물,126.25931,33.32475,592,2,2&592
3120,각시물,126.26013,33.324729999999995,592,2,2&592
3121,하도리개긋물,126.88235,33.50208,593,2,2&593
3122,하도리개긋물,126.88263,33.5015,593,2,2&593
3123,하도리서문동,126.87133,33.52002,294,2,2&294
3124,금산목,126.80452,33.55322,529,2,2&529
3125,해아미,126.31869,33.42978,584,2,2&584
3126,칠전동,126.19443,33.29768,266,2,2&266
3129,해양맨션,126.63999,33.53739,134,2,2&134
3130,금능블루하와이,126.21925,33.38172,594,2,2&594
3131,금능블루하와이,126.21954,33.38167,594,2,2&594
3132,처남빌레,126.33929,33.44803,595,2,2&595
3133,처남빌레,126.33937,33.44781,595,2,2&595
3136,삼화지구3단지,126.58598,33.515229999999995,596,2,2&596
3137,삼화지구3단지,126.58629,33.51512,596,2,2&596
3138,농림축산검역본부,126.50469,33.51007,597,2,2&597
3139,동백동산습지센터,126.71439,33.50932,598,2,2&598
3140,동백동산습지센터,126.71461,33.50904,598,2,2&598
3141,이도초등학교,126.53256,33.4894,586,2,2&586
3144,메밀동산,126.6538,33.48214,599,2,2&599
3146,체오름,126.76137,33.47425,600,2,2&600
3147,체오름,126.76149,33.47404,600,2,2&600
3148,금산학교마을,126.32681,33.443659999999994,601,2,2&601
3149,금산학교마을,126.32725,33.44372,601,2,2&601
3150,까끄래기오름,126.70558,33.43403,602,2,2&602
3151,까끄래기오름,126.70553999999998,33.43365,602,2,2&602
3152,한라도서관,126.51525,33.47586,445,2,2&445
3155,금백조로입구,126.76537,33.44768,603,2,2&603
3156,금백조로입구,126.76457,33.4475,603,2,2&603
3157,도련서마을,126.57864,33.51193,604,2,2&604
3158,"방선문3차,4차빌리지",126.52624,33.48773,605,2,2&605
3159,"방선문3차,4차빌리지",126.52667,33.48766,605,2,2&605
3160,지방합동청사,126.52308,33.49001,606,2,2&606
3161,지방합동청사,126.52308,33.489670000000004,606,2,2&606
3209,함덕에덴빌리지,126.66508,33.53031,607,2,2&607
3210,함덕에덴빌리지,126.6651,33.53015,607,2,2&607
3211,열방대학,126.70141,33.53681,608,2,2&608
3212,열방대학,126.70166,33.53696,608,2,2&608
3215,주전동,126.17655,33.336040000000004,609,2,2&609
3216,주전동,126.17677,33.33602,609,2,2&609
3240,선녀와나무꾼,126.70192,33.47966,610,2,2&610
3241,한울랜드,126.75305,33.49906,611,2,2&611
3243,종달항,126.91098,33.497170000000004,612,2,2&612
3244,환상숲곶자왈공원,126.26344,33.32202,613,2,2&613
3245,환상숲곶자왈공원,126.26342,33.32173,613,2,2&613
3247,제주세계자연유산센터입구,126.7104,33.45543,614,2,2&614
3248,선녀와나무꾼,126.70207,33.48015,610,2,2&610
3249,한울랜드,126.75281,33.4994,611,2,2&611
3250,둔지오름,126.79775,33.50611,615,2,2&615
3251,둔지오름,126.79796,33.50615,615,2,2&615
3253,다랑쉬오름입구(북),126.82988,33.48608,616,2,2&616
3254,다랑쉬오름입구(북),126.82963,33.48595,616,2,2&616
3255,제주레일바이크,126.83642,33.464620000000004,617,2,2&617
3256,제주레일바이크,126.83665,33.46464,617,2,2&617
3257,용눈이오름,126.83188,33.46351,618,2,2&618
3258,용눈이오름,126.83218,33.46328,618,2,2&618
3261,청수마을회관,126.24762,33.31833,619,2,2&619
3262,청수마을회관,126.24763,33.31812,619,2,2&619
3263,제주평화박물관,126.25667,33.3048,620,2,2&620
3264,제주평화박물관,126.25663,33.30468,620,2,2&620
3265,아부오름,126.78112,33.446290000000005,621,2,2&621
3266,아부오름,126.78136,33.44653,621,2,2&621
3269,종달항,126.91143999999998,33.49748,612,2,2&612
3270,제주시청(아라방면),126.52977,33.499559999999995,622,2,2&622
3271,제주시청(광양방면),126.53035,33.49892,622,2,2&622
3276,제주중앙여자고등학교(아라방면),126.53864,33.48941,623,2,2&623
3277,제주중앙여자고등학교(광양방면),126.5392,33.489020000000004,623,2,2&623
3278,제주여자중고등학교(아라방면),126.54293,33.48486,624,2,2&624
3279,제주여자중고등학교(광양방면),126.54289,33.4852,624,2,2&624
3280,남국원(아라방면),126.54381,33.47971,625,2,2&625
3281,남국원(광양방면),126.54388,33.47957,625,2,2&625
3300,신사동(기점),126.67789,33.52596,500,2,2&500
3301,도련서마을,126.57866,33.51226,604,2,2&604
3302,와흘상동,126.63458,33.49273,435,2,2&435
3303,제주이야기,126.40969,33.4291,626,2,2&626
3306,예천전문요양원,126.61992,33.49991,627,2,2&627
3307,스위스마을입구,126.67463,33.49169000000001,628,2,2&628
3308,스위스마을입구,126.67438,33.49154,628,2,2&628
3309,한라용사촌,126.79616,33.53455,629,2,2&629
3310,한라용사촌,126.79641,33.534490000000005,629,2,2&629
3311,고산2리,126.18887,33.30237,630,2,2&630
3312,고산2리,126.18919,33.30205,630,2,2&630
3313,산수동,126.19756,33.30324,631,2,2&631
3314,산수동,126.1977,33.303090000000005,631,2,2&631
3315,복호동,126.20115,33.33992,632,2,2&632
3316,복호동,126.20115,33.33972,632,2,2&632
3317,수장동입구,126.21142,33.3419,633,2,2&633
3318,수장동입구,126.21142,33.34167,633,2,2&633
3319,영평알동네,126.56043,33.48215,634,2,2&634
3320,영평알동네,126.56028,33.48195,634,2,2&634
3325,탐라중학교,126.54394,33.49085,635,2,2&635
3326,탐라중학교,126.54384,33.49136,635,2,2&635
3327,황사평입구,126.55451,33.49685,636,2,2&636
3328,황사평입구,126.55497,33.496809999999996,636,2,2&636
3331,두문이머세(두맹이골목),126.53636000000002,33.5106,637,2,2&637
3332,두문이머세(두맹이골목),126.53662,33.51042,637,2,2&637
3333,민속자연사박물관,126.53087,33.50732,638,2,2&638
3334,민속자연사박물관,126.5308,33.50692,638,2,2&638
3335,부영3차아파트,126.48694,33.4764,639,2,2&639
3336,부영3차아파트,126.48742,33.476209999999995,639,2,2&639
3337,남조순오름입구,126.49112,33.47741,640,2,2&640
3338,남조순오름입구,126.49136,33.47729,640,2,2&640
3339,디케이서비스,126.5208,33.463770000000004,641,2,2&641
3340,디케이서비스,126.5202,33.46369,641,2,2&641
3341,남학교,126.52669,33.46362,642,2,2&642
3342,남학교,126.52677,33.463390000000004,642,2,2&642
3343,오등상동,126.53359,33.46284,643,2,2&643
3344,오등상동,126.53367,33.46257,643,2,2&643
3345,오등상동복지회관,126.53979,33.45948,644,2,2&644
3346,오등상동복지회관,126.53988,33.4593,644,2,2&644
3352,농림축산검역본부,126.50468,33.5099,597,2,2&597
3354,제주동여자중학교,126.54024,33.50294,645,2,2&645
3355,제주동여자중학교,126.54028999999998,33.50263,645,2,2&645
3356,신천지아파트,126.54464,33.50608,646,2,2&646
3357,신천지아파트,126.54506,33.50621,646,2,2&646
3358,삼화아파트,126.54365,33.50912,647,2,2&647
3359,삼화아파트,126.54383,33.509370000000004,647,2,2&647
3360,영락교회,126.54338,33.51118,648,2,2&648
3361,영락교회,126.54364,33.51112,648,2,2&648
3364,용두암현대1차아파트,126.50875,33.51593,649,2,2&649
3365,용두암현대1차아파트,126.50832,33.51627,649,2,2&649
3366,제주성지,126.52587,33.510020000000004,650,2,2&650
3367,제주성지,126.52587,33.50983,650,2,2&650
3416,예천전문요양원,126.62007,33.500029999999995,627,2,2&627
3419,신산로,126.53406,33.507940000000005,302,2,2&302
3420,문예회관,126.53563,33.50548,303,2,2&303
3421,한림체육관,126.26721,33.40898,651,2,2&651
3422,조천체육관(종점),126.64279,33.5401,133,2,2&133
3423,조천만세동산(종점),126.64165,33.53955,132,2,2&132
3434,용화로,126.50889,33.50968,652,2,2&652
3435,용화로,126.5085,33.50958,652,2,2&652
3436,용마로,126.50595,33.51483,653,2,2&653
3437,용마로,126.50618,33.515159999999995,653,2,2&653
3440,명월상동회관,126.28304,33.37495,654,2,2&654
3441,명월상동회관,126.28301,33.374790000000004,654,2,2&654
3442,서부보건소,126.26996,33.41175,655,2,2&655
3443,서부보건소,126.26982,33.4115,655,2,2&655
3444,명월리사무소,126.26649,33.38675,242,2,2&242
3451,삼양파출소사거리,126.58753,33.52052,656,2,2&656
3452,삼양파출소사거리,126.58773,33.52056,656,2,2&656
3453,황사평성지,126.55511,33.4864,657,2,2&657
3454,황사평성지,126.55506,33.4868,657,2,2&657
3455,동문성당,126.53237,33.51007,658,2,2&658
3456,동문성당,126.53252,33.51032,658,2,2&658
3459,선흘분교입구,126.70629,33.51599,659,2,2&659
3460,선흘분교입구,126.70644,33.51515,659,2,2&659
3488,첨단과기단지입구교학촌아파트,126.57161,33.458040000000004,660,2,2&660
3491,사려니마을,126.6559,33.426390000000005,661,2,2&661
3492,사려니마을,126.65595,33.42627,661,2,2&661
3494,아라뜨래별,126.55464,33.437290000000004,662,2,2&662
3500,"거슨새미오름,안돌오름",126.7569,33.44509,663,2,2&663
3501,"거슨새미오름,안돌오름",126.75685,33.44515,663,2,2&663
3503,배낭골,126.23028,33.3458,664,2,2&664
3504,홍수암,126.22943,33.35325,665,2,2&665
3505,홍수암,126.22956,33.35326,665,2,2&665
3506,행장디,126.56221,33.50113,666,2,2&666
3507,행장디,126.56269,33.50112,666,2,2&666
3508,한국전력변전소,126.53717,33.49832,667,2,2&667
3509,한국전력변전소,126.53744,33.49838,667,2,2&667
3510,NHF삼화1단지,126.5821,33.51746,549,2,2&549
3512,쇠질곳,126.37898,33.467009999999995,668,2,2&668
3513,쇠질곳,126.37912,33.467009999999995,668,2,2&668
3517,항몽유적지입구,126.41046,33.4574,669,2,2&669
3518,항몽유적지입구,126.4107,33.45742,669,2,2&669
3519,명월상동,126.27953,33.37509,670,2,2&670
3520,명월상동,126.27954,33.37495,670,2,2&670
3521,첨단로8길,126.57193999999998,33.44393,671,2,2&671
3522,첨단로8길,126.57212,33.44393,671,2,2&671
3523,제주자동차운전학원,126.53007,33.478159999999995,672,2,2&672
3524,제주자동차운전학원,126.53026,33.47817,672,2,2&672
3525,지미봉입구,126.90454,33.49515,673,2,2&673
3526,지미봉입구,126.90409,33.49488,673,2,2&673
3528,하늘정원,126.78009,33.51377,674,2,2&674
3529,하늘정원,126.78028,33.51372,674,2,2&674
3530,동부경찰서,126.53681,33.50178,675,2,2&675
3531,동부경찰서,126.53706,33.50159,675,2,2&675
3534,첨단과기단지입구교학촌아파트,126.57145,33.45776,660,2,2&660
3535,고지교,126.51707,33.4868,676,2,2&676
3539,탐라도서관,126.47759,33.477540000000005,148,2,2&148
3540,으뜸마을,126.48033999999998,33.47894,147,2,2&147
3546,상명리동동,126.26928999999998,33.36227,677,2,2&677
3547,상명리동동,126.26957,33.36231,677,2,2&677
3548,상명리동카름,126.27175,33.3647,678,2,2&678
3552,행원교차로,126.8037,33.54574,679,2,2&679
3553,행원교차로,126.80459,33.545790000000004,679,2,2&679
3554,용암해수단지,126.81585,33.54263,680,2,2&680
3555,용암해수단지,126.8164,33.54214,680,2,2&680
3558,두문포노린당,126.90913,33.49647,681,2,2&681
3559,두문포노린당,126.90915,33.4963,681,2,2&681
3566,한림체육관,126.26734,33.40892,651,2,2&651
3626,세곳못,126.38119,33.44202,682,2,2&682
3627,세곳못,126.38125,33.441959999999995,682,2,2&682
3628,명월리노인복지회관,126.26736,33.38439,683,2,2&683
3629,명월리노인복지회관,126.26735,33.3847,683,2,2&683
3630,유수암리,126.4103,33.42711,354,2,2&354
3631,한스빌타운하우스,126.40707,33.43203,684,2,2&684
4010,김만덕기념관,126.53003,33.515809999999995,685,2,2&685
4011,김만덕기념관,126.52992,33.51592,685,2,2&685
4012,도평로광평마을입구,126.46198,33.47914,686,2,2&686
4013,화북공업단지,126.56547,33.51161,467,2,2&467
4014,도평로광평마을입구,126.46216,33.47928,686,2,2&686
4015,봉개초등학교,126.59527,33.49005,74,2,2&74
4016,이도수선화아파트,126.55058,33.4944,687,2,2&687
4017,차고지(가상),126.51651,33.49839,578,2,2&578
4018,이도수선화아파트,126.55058,33.494040000000005,687,2,2&687
4019,제주장애인요양원,126.5713,33.45514,688,2,2&688
4020,제주장애인요양원,126.5715,33.45516,688,2,2&688
4021,윗가시나물,126.5697,33.4668,689,2,2&689
4022,승천로,126.54165,33.49331,690,2,2&690
4023,윗가시나물,126.56965,33.46735,689,2,2&689
4024,승천로,126.54146,33.49381,690,2,2&690
4025,이도수선화아파트,126.55142,33.49064,691,2,2&691
4026,이도수선화아파트,126.55134,33.49047,691,2,2&691
4028,고지교,126.51732,33.48678,676,2,2&676
4029,대원오등동입구,126.54233,33.477340000000005,179,2,2&179
4031,선돌목동길,126.55103,33.44953,692,2,2&692
4032,선돌목동길,126.55081,33.44913,692,2,2&692
4035,용마마을,126.50353,33.517070000000004,693,2,2&693
4036,용마마을,126.50371,33.51685,693,2,2&693
4037,예원동,126.39777,33.46079,694,2,2&694
4038,물곧밭,126.40043,33.457190000000004,695,2,2&695
4039,물곧밭,126.40096,33.456579999999995,695,2,2&695
4040,예원동,126.39782,33.46095,694,2,2&694
4042,영주고입구(2호동),126.57453,33.45921,696,2,2&696
4043,첨단행복주택,126.57564,33.455420000000004,697,2,2&697
4044,첨단행복주택,126.57564,33.455890000000004,697,2,2&697
4045,영주고입구(2호동),126.57462,33.45922,696,2,2&696
4046,소란마을,126.54933,33.45523,698,2,2&698
4047,소란마을,126.54928,33.455330000000004,698,2,2&698
4048,아라뜨래별,126.55474,33.437290000000004,662,2,2&662
4049,영등물,126.73618,33.55532,528,2,2&528
4052,고산문화의집,126.18323999999998,33.30015,699,2,2&699
4054,고산문화의집,126.18329,33.300290000000004,699,2,2&699
4058,아부오름,126.78042,33.44283,700,2,2&700
4063,아부오름,126.78045,33.44307,700,2,2&700
4064,명도암입구삼거리,126.64043999999998,33.42757,701,2,2&701
4065,명도암입구삼거리,126.64015,33.427620000000005,701,2,2&701
4074,메밀동산,126.65363,33.482009999999995,599,2,2&599
4078,노루생이삼거리,126.49281,33.42292,702,2,2&702
4079,제주시공동묘지관리소,126.49131,33.41936,703,2,2&703
4080,제주시공동묘지관리소,126.49167,33.41948,703,2,2&703
4081,노루생이삼거리,126.49305,33.42245,702,2,2&702
4089,지경동산,126.67176,33.492,704,2,2&704
4090,송당북문,126.78493,33.47312,705,2,2&705
4091,평대마장,126.81583,33.50068,706,2,2&706
4092,평대마장,126.81561,33.50075,706,2,2&706
4093,송당북문,126.78473,33.47306,705,2,2&705
4094,지경동산,126.67155,33.49221,704,2,2&704
4095,상귀동카름,126.41364,33.47282,510,2,2&510
4096,한림농협주유소,126.26223,33.40855,707,2,2&707
4097,한림농협주유소,126.26223,33.40872,707,2,2&707
4099,사장동,126.65968,33.53347,708,2,2&708
4100,사장동,126.65988,33.53342,708,2,2&708
4102,이스트힐스,126.63349,33.4816,709,2,2&709
4103,별진밭,126.62797,33.4891,710,2,2&710
4104,별진밭,126.6279,33.48888,710,2,2&710
4105,이스트힐스,126.63344,33.48146,709,2,2&709
4107,신흥리복지회관,126.65216,33.54681,711,2,2&711
4109,신흥리복지회관,126.652,33.54677,711,2,2&711
4110,평화통일불사리탑,126.63515,33.52998,712,2,2&712
4111,평화통일불사리탑,126.63493,33.52983,712,2,2&712
4113,제주세계자연유산센터입구,126.71032,33.45543,614,2,2&614
4114,동방남비케길,126.69157,33.48208,713,2,2&713
4115,동방남비케길,126.69178,33.481970000000004,713,2,2&713
4118,행원리오션뷰2차,126.78933,33.526990000000005,714,2,2&714
4119,하도리신동,126.88374,33.52359000000001,715,2,2&715
4120,하도리신동,126.88387,33.52355,715,2,2&715
4121,행원리오션뷰2차,126.78918,33.5269,714,2,2&714
4122,붉으내,126.1725,33.31893,716,2,2&716
4123,법기동,126.17285,33.33027,717,2,2&717
4126,법기동,126.17271,33.33032,717,2,2&717
4127,용수리마을회관,126.16874,33.32525,455,2,2&455
4128,주구동산,126.17015,33.322790000000005,456,2,2&456
4129,붉으내,126.17239,33.31889,716,2,2&716
4130,전답동,126.20422,33.29483,265,2,2&265
4131,방지물,126.22997,33.29693,718,2,2&718
4133,방지물,126.22999,33.29707,718,2,2&718
4136,상명리동카름,126.27206,33.36482,678,2,2&678
4138,낙천폭낭거리,126.22908,33.324220000000004,719,2,2&719
4139,배낭골,126.23014,33.34583,664,2,2&664
4140,낙천폭낭거리,126.229,33.32415,719,2,2&719
4141,"선인장마을,돌마을공원",126.25283,33.35443,720,2,2&720
4142,"선인장마을,돌마을공원",126.25298,33.35452,720,2,2&720
4145,한스빌타운하우스,126.40767,33.43134000000001,684,2,2&684
4146,제주이야기,126.40952,33.428960000000004,626,2,2&626
4147,유수암상동경로당,126.4056,33.42343,237,2,2&237
4148,더라목,126.39025,33.45753,721,2,2&721
4151,더라목,126.39039,33.45749,721,2,2&721
4152,고성리외왓,126.41379,33.4455,722,2,2&722
4153,고성리외왓,126.41375,33.4456,722,2,2&722
4240,고내포구,126.33717,33.4671,723,2,2&723
4241,신엄포구,126.35,33.47298,724,2,2&724
4242,신엄입구,126.36345,33.4784,725,2,2&725
4243,구엄포구,126.37781,33.48406,726,2,2&726
4244,가문동마을길,126.39577,33.483509999999995,727,2,2&727
4245,가문동마을길,126.39579,33.48359,727,2,2&727
4246,구엄포구,126.37756,33.48407,726,2,2&726
4247,신엄입구,126.36346,33.47849,725,2,2&725
4248,신엄포구,126.3499,33.47305,724,2,2&724
4249,고내포구,126.33684,33.46728,723,2,2&723
6115002,대서리사무소,126.29564,33.96284,728,2,2&728
6115009,추자교,126.30091000000002,33.95537,729,2,2&729
6115012,묵리,126.31302,33.94464,730,2,2&730
6115013,신양2리입구,126.31511,33.94254,731,2,2&731
6115014,신양2리,126.31894,33.94129,732,2,2&732
6115015,한전사택,126.32204,33.940670000000004,733,2,2&733
6115016,장작평사,126.32339,33.94036,734,2,2&734
6115017,추자해변장여관,126.32477,33.94209,735,2,2&735
6115018,추자중학교,126.32577,33.94384,736,2,2&736
6115029,추자해변장여관,126.32571000000002,33.94379,736,2,2&736
6115030,장작평사,126.32461,33.941790000000005,735,2,2&735
6115031,한전사택,126.32357,33.94032,734,2,2&734
6115032,신양2리,126.32142,33.94093,733,2,2&733
6115033,신양2리입구,126.31894,33.941320000000005,732,2,2&732
6115034,묵리,126.31491,33.94262,731,2,2&731
6115035,묵리항,126.31297,33.94468,730,2,2&730
6115038,추자119지역센터,126.30104,33.95534,729,2,2&729
6115045,추자면사무소,126.29588,33.962990000000005,728,2,2&728
15,관전동,126.41909,33.48883,0,3,3&0
16,관전동,126.42015,33.48983,0,3,3&0
26,하귀초등학교,126.40212,33.48017,49,3,3&49
27,외도초등학교,126.43321,33.49342,35,3,3&35
28,외도초등학교,126.4344,33.4939,35,3,3&35
37,하귀초등학교,126.40105,33.48022,49,3,3&49
92,제성마을,126.4854,33.49361,38,3,3&38
93,제성마을,126.48403,33.49374,38,3,3&38
127,종합사격장,126.56753,33.44028,41,3,3&41
128,종합사격장,126.56625,33.44183,41,3,3&41
157,보건소,126.52088,33.49238,16,3,3&16
158,보건소,126.52207,33.49212,16,3,3&16
178,진드르,126.60813,33.5242,42,3,3&42
179,진드르,126.60692,33.52367,42,3,3&42
186,은남동,126.4909,33.485820000000004,36,3,3&36
187,은남동,126.49248,33.48588,36,3,3&36
223,삼양2동,126.58236,33.52128,23,3,3&23
224,삼양2동,126.58042,33.52118,23,3,3&23
240,화북주공아파트,126.57589,33.52123,50,3,3&50
241,화북주공아파트,126.57471,33.521209999999996,50,3,3&50
251,신설동,126.54662,33.49788,29,3,3&29
252,신설동,126.54843,33.49865,29,3,3&29
309,사라봉오거리,126.54045,33.51367,21,3,3&21
316,사라봉오거리,126.54158,33.51353,21,3,3&21
341,삼무공원,126.49127,33.48997,22,3,3&22
342,삼무공원,126.4924,33.4898,22,3,3&22
464,제주고등학교,126.48439,33.47221,39,3,3&39
465,제주고등학교,126.48392,33.47433,39,3,3&39
512,평화로광령1리입구,126.44179,33.4558,47,3,3&47
513,평화로광령1리입구,126.44279,33.455659999999995,47,3,3&47
619,성지요양원,126.43761,33.48342,25,3,3&25
622,백록초등학교,126.47151,33.485409999999995,15,3,3&15
623,백록초등학교,126.47065,33.48458,15,3,3&15
632,성지요양원,126.43866,33.48274,25,3,3&25
667,민오름,126.50168,33.48142,14,3,3&14
668,민오름,126.50047,33.481759999999994,14,3,3&14
728,명월하동,126.26079,33.39607,12,3,3&12
736,명월하동,126.25981000000002,33.39726,12,3,3&12
863,세화환승정류장(세화리),126.85556,33.52338,27,3,3&27
879,남조로검문소,126.65976,33.46887,8,3,3&8
968,대림사거리,126.27776,33.42216,9,3,3&9
969,대림사거리,126.27881,33.42218,9,3,3&9
1013,세화환승정류장(세화리),126.8566,33.52325,27,3,3&27
1032,대흘1리,126.65285,33.49817,10,3,3&10
1042,남조로검문소,126.66118,33.46968,8,3,3&8
1043,세미마을,126.66362,33.470009999999995,26,3,3&26
1044,세미마을,126.66462,33.46985,26,3,3&26
1045,대흘교차로,126.6764,33.46898,11,3,3&11
1046,대흘교차로,126.67972,33.46842,11,3,3&11
1061,탐라승마장,126.7178,33.43405,44,3,3&44
1062,탐라승마장,126.71682,33.43362,44,3,3&44
1065,교래리,126.67786,33.43686,1,3,3&1
1082,애월읍사무소,126.33034,33.46258,30,3,3&30
1083,애월읍사무소,126.32902,33.46308,30,3,3&30
1084,애월중학교,126.32522,33.46358,31,3,3&31
1085,애월중학교,126.32416,33.46353,31,3,3&31
1095,금빛신협,126.3058,33.44655,5,3,3&5
1096,금빛신협,126.30467,33.44578,5,3,3&5
1097,금성리,126.30239,33.444959999999995,6,3,3&6
1098,금성리,126.30143,33.4445,6,3,3&6
1103,사동복지회관,126.29005,33.44221,20,3,3&20
1104,사동복지회관,126.28872,33.44187,20,3,3&20
1105,초록마을,126.28666,33.44118,43,3,3&43
1106,초록마을,126.2856,33.44098,43,3,3&43
1109,귀덕2리,126.28041,33.43813,4,3,3&4
1110,귀덕2리,126.27913999999998,33.43732,4,3,3&4
1147,판포리,126.20025,33.3648,45,3,3&45
1148,판포리,126.19927,33.36457,45,3,3&45
1164,화전마을,126.36003,33.35201,51,3,3&51
1165,화전마을,126.35902,33.35143,51,3,3&51
1167,국학원,126.37368,33.3889,3,3,3&3
1174,국학원,126.37263,33.38753,3,3,3&3
1200,평대리사무소,126.84331,33.52787,46,3,3&46
1201,평대리사무소,126.84228,33.52834,46,3,3&46
1225,김녕해수욕장,126.76029,33.555820000000004,7,3,3&7
1226,김녕해수욕장,126.75931,33.55617,7,3,3&7
1237,북촌다려마을,126.70148,33.55145,18,3,3&18
1238,북촌다려마을,126.70022,33.55107,18,3,3&18
1241,북촌리해동,126.68695,33.54475,19,3,3&19
1242,북촌리해동,126.68547,33.54418,19,3,3&19
1252,봉개체육공원,126.61158,33.48428,17,3,3&17
1256,초록마을,126.64496,33.4712,43,3,3&43
1257,남조로검문소,126.65782,33.46986,8,3,3&8
1261,교래리,126.67568,33.42463,1,3,3&1
1264,교래리,126.67442,33.42588,1,3,3&1
1268,초록마을,126.64615,33.47074,43,3,3&43
1270,봉개체육공원,126.61269,33.48425,17,3,3&17
1307,이시돌단지,126.33463,33.35883,37,3,3&37
1308,이시돌단지,126.33663,33.36031,37,3,3&37
1341,조천도서관,126.6667,33.53719,40,3,3&40
1462,연동365의원,126.4912,33.481759999999994,33,3,3&33
1464,연동365의원,126.49231,33.48196,33,3,3&33
1469,구산마을입구,126.53505,33.4844,2,3,3&2
1470,구산마을입구,126.53639,33.483909999999995,2,3,3&2
1493,신산마을입구,126.45786,33.479409999999994,28,3,3&28
1494,신산마을입구,126.45885,33.47922,28,3,3&28
1518,하귀1리,126.41909,33.47222,48,3,3&48
1519,하귀1리,126.41769,33.472409999999996,48,3,3&48
1520,애조로광령1리입구,126.43562,33.47137,32,3,3&32
1521,애조로광령1리입구,126.43417,33.47213,32,3,3&32
1549,대흘1리,126.65166,33.49889,10,3,3&10
3153,연미월왓,126.50804,33.48154,34,3,3&34
3154,연미월왓,126.50908,33.48109,34,3,3&34
3438,조천도서관,126.66796,33.53706,40,3,3&40
3978,새별오름,126.36296000000002,33.35913,24,3,3&24
3979,새별오름,126.3644,33.3608,24,3,3&24
6115010,묵리입구,126.30689,33.95033,13,3,3&13
6115036,묵리입구,126.30906,33.94794,13,3,3&13
10,노형우체국,126.47833,33.48709,-1,4,4&-1
14,비석동,126.4179,33.48838,-1,4,4&-1
46,큰구릉내,126.41353,33.48655,-1,4,4&-1
75,오라1동,126.5173,33.49225,-1,4,4&-1
117,남국사,126.54979,33.46049,-1,4,4&-1
126,케이티앤지,126.48535,33.48207,-1,4,4&-1
164,광양사거리,126.5271,33.50047,-1,4,4&-1
171,월구마을,126.507,33.50013,-1,4,4&-1
193,함덕리(4구),126.67323,33.53998,-1,4,4&-1
199,제주모자원입구,126.56644,33.46286,-1,4,4&-1
218,제4부두,126.53818,33.52018,-1,4,4&-1
219,원당분화원,126.59493,33.52107,-1,4,4&-1
220,원당봉,126.59325,33.52166,-1,4,4&-1
259,동광초등학교,126.54576000000002,33.5017,-1,4,4&-1
265,화북동마을,126.56751,33.52352,-1,4,4&-1
266,화북중마을,126.56472,33.52333,-1,4,4&-1
267,화북서마을,126.56287,33.522870000000005,-1,4,4&-1
293,국립제주박물관,126.54997,33.51248,-1,4,4&-1
294,고으니모르국립제주박물관,126.55096,33.512609999999995,-1,4,4&-1
299,화물청사입구,126.50448,33.50418,-1,4,4&-1
315,사라봉,126.54285,33.51316,-1,4,4&-1
411,조천환승정류장(조천우체국),126.63877,33.5377,-1,4,4&-1
424,오현중고등학교,126.55861000000002,33.515609999999995,-1,4,4&-1
426,장머들,126.56843,33.520579999999995,-1,4,4&-1
435,노형오거리,126.47796,33.485209999999995,-1,4,4&-1
446,시티주유소,126.47976,33.4764,-1,4,4&-1
463,해안동입구,126.45115,33.46276,-1,4,4&-1
468,제주동중학교,126.57078,33.51958,-1,4,4&-1
477,한라초등학교,126.48629,33.479,-1,4,4&-1
586,오라오거리,126.50465,33.500029999999995,-1,4,4&-1
596,원노형,126.48076,33.48345,-1,4,4&-1
600,은혜마을종점,126.615,33.46522,-1,4,4&-1
601,동회천,126.61536,33.50413,-1,4,4&-1
605,삼양해수욕장입구,126.58786,33.52618,-1,4,4&-1
606,해오름아파트,126.48638,33.4818,-1,4,4&-1
637,월성마을,126.50338,33.50419,-1,4,4&-1
665,선덕어린이집,126.51248,33.48101,-1,4,4&-1
666,사평마을입구,126.51127,33.48134,-1,4,4&-1
669,신산마을주차장,126.44974,33.4895,-1,4,4&-1
693,봉개워터파크,126.60147,33.4864,-1,4,4&-1
769,저지리수동,126.23879,33.33745,-1,4,4&-1
809,어음2리사무소,126.33663,33.40122,-1,4,4&-1
827,한천동,126.2746,33.39465,-1,4,4&-1
832,만장굴,126.77188,33.53098,-1,4,4&-1
881,대흘초등학교,126.65745,33.49902,-1,4,4&-1
888,와산리,126.6801,33.49192,-1,4,4&-1
922,월림,126.25608,33.34792,-1,4,4&-1
939,금악리,126.29786,33.36053,-1,4,4&-1
948,문수동,126.28357,33.38559,-1,4,4&-1
1029,고평동,126.65627,33.4749,-1,4,4&-1
1101,귀덕초등학교,126.29413999999998,33.44372,-1,4,4&-1
1102,귀덕1리,126.29275,33.44351,-1,4,4&-1
1119,한림2리,126.26915,33.41402,-1,4,4&-1
1120,한림고등학교,126.25427,33.40488,-1,4,4&-1
1253,성판악,126.62049,33.38512,-1,4,4&-1
1338,돗바령,126.68968999999998,33.51242,-1,4,4&-1
1378,탐라교육원,126.53277,33.42587,-1,4,4&-1
1429,멍중내,126.6886,33.5007,-1,4,4&-1
1485,오라동주민센터,126.51259,33.4952,-1,4,4&-1
1491,함덕농협주유소,126.67492,33.5365,-1,4,4&-1
1529,4.3평화공원입구,126.62009,33.453109999999995,-1,4,4&-1
1536,화북초등학교후문,126.56319,33.52023,-1,4,4&-1
1577,삼양3동포구,126.57623999999998,33.52717,-1,4,4&-1
1598,산앗도,126.6369,33.49532,-1,4,4&-1
1621,명도암,126.60987,33.473859999999995,-1,4,4&-1
1622,축산마을,126.4859,33.44656,-1,4,4&-1
1625,삼양1동,126.58671,33.52526,-1,4,4&-1
2894,삼화지구,126.57886,33.51743,-1,4,4&-1
2902,수산교차로,126.39579,33.471140000000005,-1,4,4&-1
2913,평화박물관입구,126.25858999999998,33.30466,-1,4,4&-1
2921,금악보건진료소,126.29651,33.35887,-1,4,4&-1
2965,제주도립미술관,126.48787,33.45284,-1,4,4&-1
2973,제주국제공항,126.49455,33.5045,-1,4,4&-1
3089,오당빌레,126.35249,33.45337,-1,4,4&-1
3108,동사라마을,126.44902,33.46791,-1,4,4&-1
3214,차귀포구,126.16504,33.30898,-1,4,4&-1
3291,애월환승정류장(애월리),126.3187,33.46483,-1,4,4&-1
3304,함덕초등학교,126.67101,33.53737,-1,4,4&-1
3368,일도초등학교,126.52875,33.51109,-1,4,4&-1
3450,제주소방서,126.53581,33.49166,-1,4,4&-1
3486,제주대학교병원,126.54501,33.46784,-1,4,4&-1
3502,신동입구,126.22879,33.34138,-1,4,4&-1
3545,화랑마을,126.46452,33.46483,-1,4,4&-1
3570,장전포제청,126.38228,33.44413,-1,4,4&-1
4041,브릭캠퍼스,126.486,33.45828,-1,4,4&-1
4055,송당리사무소,126.78227,33.47167,-1,4,4&-1
4062,백약이오름,126.79426,33.44138,-1,4,4&-1
4108,신흥리포구,126.6508,33.54874,-1,4,4&-1
4132,월광동,126.25495,33.29335,-1,4,4&-1
4160,제주세계자연유산센터거문오름,126.7135,33.45683,-1,4,4&-1
4235,인향동,126.24358,33.27642,-1,4,4&-1
6115008,추자119지역센터,126.30159,33.95843,-1,4,4&-1
6115011,묵리항,126.31181,33.94683,-1,4,4&-1
6115023,예초,126.33134,33.953590000000005,-1,4,4&-1
6115024,돈대산입구,126.32771,33.95134,-1,4,4&-1
6115025,모진이작지해수욕장입구,126.33099,33.948640000000005,-1,4,4&-1
6115026,하추자보건소,126.33081,33.946290000000005,-1,4,4&-1
6115037,추자교,126.30382,33.95284,-1,4,4&-1
6115039,영흥리부녀회사무실,126.30011,33.95966,-1,4,4&-1
6115047,우도천진항,126.95151,33.49334,-1,4,4&-1
6115048,우도봉입구,126.95411,33.49558,-1,4,4&-1
6115052,비양동,126.96567,33.51123,-1,4,4&-1
6115059,하우목동,126.95093,33.50731,-1,4,4&-1
